Oil,1127.608,1273.207,1322.383,1649.258
SO,-0.6507985277032592,0.6127170557307325,-0.2191525978820566,1.7818255474795786
SO,-0.7807607261604727,0.5114278526423813,-0.294802445294732,1.7856786231037742
SO,-0.6917938654680071,0.5246003462838761,-0.1716469334735626,1.8646220687304749
SO,-0.8678827546211948,0.4842290769797174,-0.183370914194493,1.947267939242591
SO,-0.7895618232173415,0.5708773378227131,-0.3017849144565312,1.95452784529167
SO,-0.6180936842729213,0.5099056894048067,-0.4186640251429459,1.974334123305319
SO,-0.8246176853154562,0.5237279642008541,-0.2705359356071609,1.9667121429025731
SO,-0.5960892180340236,0.7445692140665986,0.0835260122322465,1.3203925267937588
SO,-0.791453483229487,0.3743353381180091,-0.1782861689903598,1.991947476930756
SO,-0.9209767988674412,0.4472389791032863,-0.2228466437148925,1.9851072265879344
SO,-0.5322607837200839,0.7760371331982631,0.553825814518332,0.9643217183122924
SO,-0.5119067502768833,0.8298771529873641,0.2210445437477777,1.0615617591156223
SO,-0.4460921185129989,0.7630559050081925,0.1729247191414876,1.1542206550991554
SO,-0.6253111192703187,0.7966345796425289,0.2057920350091794,1.1855923005960058
SO,-0.5781381048813101,0.7562666644068413,0.3287575463701648,1.260674212348327
SO,-0.5352056370935666,0.7099028100299708,0.4160985590552091,1.278205817145895
SO,-0.5960892180340236,0.7445692140665986,0.0835260122322465,1.3203925267937588
SO,-0.6432634115630196,0.6844425894686589,-0.0003839724922949,1.39042872463046
SO,-0.5255258510769231,0.7946108106334875,0.0739599419653471,1.4811395548406847
SO,-0.6306383197105276,0.708807049135027,0.192793664789319,1.530965254883342
SO,-0.6948168923243909,0.3570875475366889,-0.2872383597342746,1.1109739201134077
SO,-0.8786116412695358,0.393843921444083,-0.4422949105873315,1.560455491418072
SO,-0.6473933208795561,0.4022421778084695,-0.3053022082595284,1.1667641626937069
SO,-0.8366487058186162,0.4101909289283338,-0.5149188699137004,1.5977349130354848
SO,-0.8030818558945688,0.4008128071895749,-0.2049414899753365,1.184015543804358
SO,-0.776861052416883,0.4928597909382537,-0.4978796831744193,1.5907032666121956
SO,-0.7247380919568199,0.4503379160458561,-0.2252748566451047,1.1723119432391411
SO,-0.864002038518773,0.3947584702414449,-0.5718186905305158,1.6015266844515836
SO,-0.8244947364122085,0.3643396610128904,-0.2970310459565964,1.196426320665631
SO,-0.9093722135091372,0.4079101122218376,-0.4714564994300532,1.6299750969557762
SO,-0.6702636404804154,0.4617876784782505,-0.2147716368311803,1.2469522853194357
SO,-0.8068451519737974,0.470599848892293,-0.4045616434250081,1.6002114328072914
SO,-0.8060768402245638,0.4889389302906637,-0.2227290727391259,1.2278005949182744
SO,-0.7346788039238281,0.4341080675510833,-0.4151630848978821,1.6344764406565226
SO,-0.7483750070175559,0.4640263518252375,-0.2881410575375304,1.2639851497090333
SO,-0.8196033604635727,0.4524652165816628,-0.406853456457705,1.6167992046609652
SO,-0.6940859470621112,0.4467724076021913,-0.2396886579261446,1.2575993530685354
SO,-0.8226869542275856,0.4428367239706521,-0.5507623390891693,1.5914134241669196
SO,-0.8505266267509222,0.5148224083665369,-0.2267646844897677,1.2650200190355874
SO,-0.7425130220045951,0.4381298907879383,-0.3943778727431533,1.6013220229220386
SO,-0.9106914172426452,0.5225596697618705,-0.3149101073489422,1.655148761683458
SO,-0.828517426392559,0.5596896663760013,-0.3840977075312604,1.758953252162749
SO,-0.8912220967051944,0.5211529659589311,-0.2352116302632619,1.6444151384814236
SO,-0.7743875250530725,0.5978835765864736,-0.3584429622542303,1.791026082404452
SO,-0.8529225603142817,0.50325734326176,-0.3893158279799927,1.6292290724790943
SO,-0.7561586865243424,0.5547646502620232,-0.3086169063362073,1.783025576747603
SO,-0.8121860786901828,0.4650084117549558,-0.2940645778215374,1.630095170095212
SO,-0.7912996104912873,0.5665754027391966,-0.4218255428046451,1.7846790261505554
SO,-0.7292962985385764,0.5220013625913922,-0.224053836301652,1.6008321479856955
SO,-0.9259765926996868,0.57673864189999,-0.3476038525789196,1.7942646027163334
SO,-0.8739202899108274,0.414198791572769,-0.3424886731454818,1.6139596738134725
SO,-0.9217318319656934,0.5556175525305862,-0.284166319479279,1.7561002912377743
SO,-0.7837571596784203,0.471105367374694,-0.313801904511607,1.6143282587453325
SO,-0.8305219907853444,0.5290301025716715,-0.4550819881568049,1.721605035838927
SO,-0.8560240645775508,0.4963574048993305,-0.4013725949641216,1.6309341274372429
SO,-0.7714912010927882,0.5513412391725555,-0.38631340246098,1.699257939472778
SO,-0.7322785144634651,0.5362489136335205,-0.272582375742191,1.689549904389442
SO,-0.8822200689396176,0.5028314978750567,-0.2392427667130726,1.7483260429824692
SO,-0.8577053329411555,0.5578167340566818,-0.4022785537581363,1.6564568584205948
SO,-0.8948277857522395,0.5673732015586729,-0.2994920444519327,1.731708320007634
SO,-0.7718176049190864,0.5298170053781656,-0.1872260292162063,1.6827602881550126
SO,-0.7929957419515027,0.5683187280345652,-0.2608418723867108,1.686703047391406
SO,-0.90598069166638,0.4816239891659606,-0.1734078611168778,1.6905039651192642
SO,-0.8755185290076657,0.477920942777812,-0.2881229710297572,1.6382830733128748
SO,-0.7992527239498669,0.5101563377689056,-0.2530299498271877,1.6536333517253805
SO,-0.8462609785559123,0.5111006017997737,-0.2869947509571265,1.6645381087016955
SO,-0.8328267275418552,0.5986411455388004,-0.2638329198656417,1.6688678587145531
SO,-0.7789667966487277,0.5414524966823557,-0.1508029491616682,1.696421883067525
SO,-0.8429101339296932,0.4777940888432921,-0.1843705554906298,1.652610001218502
SO,-0.8388511794730735,0.5623926944370473,-0.2925053823538781,1.7110489049199662
SO,-0.9115417811308304,0.4510135803595237,-0.285217089685207,1.6376673428167483
SO,-0.7822922474691142,0.5261715368909775,-0.345614759533078,1.6748158683659775
SO,-0.8345489351479841,0.4663848281811792,-0.2946139855026099,1.67987761844043
SO,-0.79257104324294,0.5602697997896888,-0.2511792100612411,1.7142407418439318
SO,-0.9088866644424942,0.5636222475177233,-0.2789193002988009,1.7215882981615909
SO,-0.80887731456378,0.4690567418377038,-0.2154059059833588,1.7525869101348648
SO,-0.9616437298915742,0.6031798250507472,-0.2215091788213684,1.726163282718863
SO,-0.9752974184323838,0.536956453920454,-0.2927330294746213,1.7472852653943454
SO,-0.8308772414980781,0.5366572034868614,-0.2061081241361387,1.719213757597368
SO,-0.9227635994742712,0.5736540910756504,-0.1479514571136704,1.7087331738098748
SO,-0.7895526309060236,0.2092835550536802,-0.4523666772632885,1.207962672605597
SO,-0.8642413472491157,0.492590439862606,-0.2414857314324821,1.5758959427251802
SO,-0.8194376405965074,0.2267924313579129,-0.4559932505001791,1.2391462362929424
SO,-0.8550939911307307,0.4829677323174111,-0.3334507324619973,1.5990371374599326
SO,-0.8556694152567876,0.240445655908581,-0.3543234400850314,1.2316447061140945
SO,-0.807315660804122,0.4591044601397707,-0.2198627430635693,1.5895907687670483
SO,-0.8287484904504067,0.2293079821974898,-0.419066969478908,1.2071168936272745
SO,-0.8281092160196523,0.5008083017986434,-0.1931115847088518,1.5959475281173112
SO,-0.9258879123590248,0.2134159639910376,-0.4583159054122258,1.1988773718771049
SO,-0.840272605476026,0.4613128034884611,-0.3271653662563911,1.5845542600488778
SO,-0.7542301144659979,0.2821426863780163,-0.4139412243205347,1.2406478219908654
SO,-0.7895430192707062,0.426067234706575,-0.4513164759471937,1.5870604458575563
SO,-0.7812880615485407,0.1807917466425887,-0.3691329041336588,1.255859129101036
SO,-0.8963053433110855,0.4533498748215801,-0.3467182790081329,1.5934259740779386
SO,-0.8637677475939595,0.2741234504328477,-0.4342792579141104,1.314365920097886
SO,-0.866672010276988,0.4591056554695202,-0.1628230442702153,1.6221188696759703
SO,-0.8370716500166143,0.2783440346408966,-0.4642483284454726,1.2872969826208671
SO,-0.8683255594698935,0.4725934306657435,-0.3024651828613998,1.5660257500474974
SO,-0.743465489002022,0.3483933650421126,-0.3591725150640743,1.3317826883934387
SO,-0.8451068073893407,0.513657264068866,-0.2049977220519177,1.6181130739570406
SO,-0.8272666697986023,0.3102157817655674,-0.1760924605232913,1.370456364923472
SO,-0.8686841186282362,0.4727384320889095,-0.1576262823589556,1.6351901140469982
SO,-0.8991680591665807,0.3369975226231865,-0.2568196157420968,1.3524860360436406
SO,-0.8926416591223229,0.4871794863936997,-0.1695693282658797,1.6538257647986925
SO,-0.957821017500544,0.3817772341418529,-0.3135308598914188,1.38770770033324
SO,-0.8887149579372392,0.4525748483180569,-0.1723823207538973,1.6321705897042509
SO,-0.8421534812977142,0.3868655046649729,-0.4108988886112768,1.4178527477739602
SO,-0.8373773463751853,0.4564929644517977,-0.1259557300468517,1.673661406583942
SO,-0.7689454300029219,0.3911260661029553,-0.2316336927432998,1.450225822929227
SO,-0.7963846472675218,0.508206797416572,-0.2045425781160417,1.6701266805308557
SO,-0.8150374567997078,0.3878654981486512,-0.1792375919538499,1.4272823353950972
SO,-0.7897461950760091,0.489462932562493,-0.0611206768045096,1.6746260221874978
SO,-0.8611423461943424,0.356668226469728,-0.3511001574862444,1.4287338535566931
SO,-0.8693288363664824,0.4771833022881721,-0.2280938929991474,1.6625028147111929
SO,-0.792683463197136,0.3355623054332919,-0.2853955885457811,1.4484657168427972
SO,-0.8704331470139299,0.5120716097985898,-0.3084743915881324,1.6704035389979728
SO,-0.7520604042725259,0.3733205740261316,-0.2543899720180388,1.413241398656185
SO,-0.8118503792593874,0.5179974376974568,-0.2537739386114699,1.6610829451122902
SO,-0.8459790812040019,0.394527168858276,-0.2222671782558254,1.4253044994108082
SO,-0.8198790406328663,0.4349884843159938,-0.3355522324758372,1.6425513023952694
SO,-0.7307245834478907,0.3073548757661127,-0.2414096514469758,1.4920615864866074
SO,-0.7912820079961894,0.3885160833763044,-0.2892904071911127,1.6684768610790786
SO,-0.85071506127351,0.2882572451079428,-0.3422167963025592,1.479169217592585
SO,-0.9680500353278696,0.4690463958290543,-0.262376526830023,1.6566103527665663
SO,-0.8590012450918891,0.3430338855201283,-0.3435045383157602,1.470124358258566
SO,-0.8762755937660599,0.44290420990326,-0.2314029317783833,1.6680784289512882
SO,-0.959427006368634,0.3036910749697453,-0.2552720393981779,1.4661574663136132
SO,-0.9118774432986294,0.4164172281392939,-0.3653024564282886,1.6547131663951615
SO,-0.765497853701851,0.3157178160692067,-0.3754437922258443,1.463470023707262
SO,-0.8261571123322102,0.4180546603072007,-0.2212774709669507,1.6465621107482735
SO,-0.8687443364827403,0.3548629872900275,-0.2364735712462732,1.461930459237895
SO,-0.8516422518068856,0.4234735902606211,-0.2509554854270415,1.6452861018225995
SO,-0.949914010384286,0.3383871647413149,-0.1358153168078253,1.4711143401952165
SO,-0.8408064280817487,0.431771261079633,-0.3418926015036688,1.6324499184597068
SO,-0.8707936436007859,0.3530560081179243,-0.2302025915198987,1.434221672745487
SO,-0.8419258090230657,0.4600024900532851,-0.1797404034280939,1.6198995424345155
SO,-0.8225004938978598,0.3012721068666678,-0.3482613387422799,1.4503901822127432
SO,-0.8692903131603976,0.42630491004102,-0.2622056518664319,1.624326726578169
SO,-0.8930402991075213,0.4047603199166485,-0.343881301773499,1.4738249252701248
SO,-0.8388939651690843,0.400043736659047,-0.0966297275632395,1.6436284905176033
SO,-0.79367909985849,0.1464677296719168,0.0791273345608788,1.1963730941106026
SO,-0.8022032268234558,0.1757622289484136,0.2114491465075858,1.312903476643687
SO,-0.8699300430979908,0.1145272656646599,-0.0984271043116992,1.2109997179121652
SO,-0.8451873458997563,0.2324343272796769,-0.1068531623069249,1.360010884436343
SO,-0.8571790633546192,0.1301941220538149,-0.0659786163108083,1.2085108455292728
SO,-0.8424514535462633,0.2211563889992567,0.3231978079621717,1.3073240628948957
SO,-0.920418335160346,0.1434290988932844,0.0794629344252767,1.1782317242921303
SO,-0.7552235244440152,0.2383617465483522,0.1011261490500712,1.3492630366169285
SO,-0.885838300086285,0.1239970091548284,-0.075770639178449,1.164506270080219
SO,-0.9162178157871802,0.3044228210383878,0.3687648539664607,1.301043701846666
SO,-0.8521553322299074,0.1516824856151011,-0.0579401175360665,1.1440515019655917
SO,-0.8254480174396905,0.3178230820826581,0.4139221401679194,1.2869686415262969
SO,-0.9443864355077094,0.1080572308968326,-0.2289655828599406,1.1907799452834875
SO,-0.880094563050847,0.2342101955485664,0.4691553126150332,1.2423500306230073
SO,-0.7743467522508654,0.1126330252880728,-0.0830589926792539,1.2283103519100729
SO,-0.7104352735465558,0.2751322824930045,-0.0414830336908202,1.3093758623573566
SO,-0.6406257631356168,0.1313125959367131,-0.0269656782472281,1.184371062003037
SO,-0.7887595611020906,0.2253908151528568,0.0350815452312194,1.306116355698626
SO,-0.9122649717928432,0.1191787157318882,-0.0656167844933815,1.2130254443285924
SO,-0.8233889141481844,0.2293385138331579,0.1534361475824858,1.3166143434649458
SO,-0.8189468173520726,0.4727427341574864,-0.0604055025298884,1.7487151964284566
SO,-0.9221928530637497,0.4643009922906637,-0.1001839056219267,1.7426762316906514
SO,-0.7003979661498585,0.5427527547599991,-0.0282119128158929,1.795272460039091
SO,-0.7476584612802177,0.4926067586796292,-0.1095885291375077,1.7790495506634532
SO,-0.8095916762681936,0.4960300525101713,-0.0754933504557281,1.772123571718263
SO,-0.8021773080563762,0.4950785567367369,-0.0334542191796887,1.756734762367786
SO,-0.9587579471402928,0.4939337579453958,-0.0426763763401537,1.7795847396849802
SO,-0.8348269322726427,0.4776946757919689,-0.1280538031776551,1.7587908612746856
SO,-0.8098361549175503,0.5250593984815072,-0.0582890951400733,1.7873221717763812
SO,-0.8742811071373988,0.5073046186690446,-0.2686608001623131,1.7622435882859293
SO,-0.8448222546499596,0.5178218232294074,0.0292699587960719,1.799163094945625
SO,-0.8229078979953507,0.4767198970185759,-0.1368775496750733,1.7897020066725944
SO,-0.7865053185964567,0.4660356796441247,-0.0343347263600747,1.8215418224643969
SO,-0.8818000983945208,0.5348734691381497,-0.2575446293805548,1.8033044258086937
SO,-0.8782776573544109,0.5320713139745501,-0.0254177890405173,1.83013779080558
SO,-0.9006774065580085,0.4577885296480893,-0.1599131024883832,1.7963194059150358
SO,-0.896587244224643,0.6470906620264034,-0.1143819927285801,1.870546988375719
SO,-0.7068172177147872,0.486005334450547,0.0541286154705018,1.7385094601729043
SO,-0.8535241331079728,0.6108779116824284,-0.2331159356856688,1.8702022927302184
SO,-0.8363455177220377,0.5829399751125144,-0.0077169614787078,1.8815652842076296
SO,-0.8351947397051994,0.3247372634014654,-0.2734980199923678,1.5045795768727708
SO,-0.7872546936792656,0.5546700122552644,-0.0405604743330206,1.7732126098808796
SO,-0.8172913209919085,0.269959820015976,-0.2712988914382281,1.419116069457746
SO,-0.9424350562988713,0.498031577746617,-0.131682219107968,1.7424317315937998
SO,-0.873156662210422,0.2726209756231997,-0.1987734359617205,1.46425116525931
SO,-0.8857889553713583,0.5113126483068957,-0.0910910574398436,1.7564488676603198
SO,-0.8402907054501517,0.2992485995024204,-0.3018131455075237,1.4483110833070374
SO,-0.7879617306387582,0.4948942634674986,-0.0337084894507488,1.7799147424993047
SO,-0.7475182849840831,0.3346776281380684,-0.1722849450064034,1.4580921251192565
SO,-0.8692196875879861,0.5476165918344211,-0.0201676182119035,1.8057312200655489
SO,-0.7606940298037226,0.2432263212466339,-0.2945731796127865,1.3722294392643746
SO,-0.7183232188369358,0.5605895593522174,-0.0841904446274144,1.8366407968446696
SO,-0.9118680239342531,0.2317764831558189,-0.2154888546928116,1.3718770675483565
SO,-0.721873361860266,0.5395279128233298,-0.0031186894214787,1.835738987934003
SO,-0.7487698575835631,0.3509049743154594,-0.3726357452600851,1.4328969523196575
SO,-0.8045031362195386,0.5420070842968093,-0.1035918493605979,1.834508872306016
SO,-0.8098238558525745,0.1970116413533584,-0.3091015880135969,1.3330827952870925
SO,-0.7822863106047121,0.5374574004580073,-0.1369283911132109,1.7882572353579826
SO,-0.8826825553761974,0.1841486522054834,-0.2950541240318095,1.2738971085611384
SO,-1.0122899175479894,0.4711674829177031,-0.1619486797104208,1.82820250479554
PO,-0.7792318508906615,-1.6264810088284,-1.521887818987441,-1.4547284499221496
PO,-0.7853373632698116,-1.6121223280079449,-1.467658814217199,-1.4550487045674532
PO,-0.6995767589221804,-1.6356782475415697,-1.4850539600946004,-1.451580053256168
PO,-0.7757626081593438,-1.6310435804836778,-1.428450782281141,-1.4498220780173732
PO,-0.7265407855505666,-1.614090068772964,-1.4569013233110324,-1.4314969399782345
PO,-0.7836092573245578,-1.6110199420788258,-1.5109732880104918,-1.4496101428466248
PO,-0.7383404365187293,-1.615032170189976,-1.4537779781514044,-1.4377609994561174
PO,-0.717920414702013,-1.6296072867292213,-1.520041427889318,-1.4332891440313384
PO,-0.7387526965396938,-1.614613027310877,-1.4626586868772022,-1.4357608560940414
PO,-0.785369165969851,-1.6270929997126893,-1.4912340826018204,-1.454073508195191
PO,-0.7882903076242486,-1.6853201671282425,-1.6219092388921563,-1.5282516423467032
PO,-0.8108559866773092,-1.6751722096272963,-1.5219429947865777,-1.529944087462735
PO,-0.7762878191382582,-1.6722059603946977,-1.5784451757049742,-1.5277276374980655
PO,-0.7876004188771419,-1.6545401410696932,-1.5741622387176604,-1.5117468480785712
PO,-0.7285222372487329,-1.6655737698817927,-1.538257056607391,-1.515993491371279
PO,-0.7846232343924445,-1.6565303080989209,-1.557252189525982,-1.5060321037589388
PO,-0.7417353469259986,-1.6562887835851965,-1.542310093055986,-1.5106148794041436
PO,-0.7411828237002563,-1.672169389782166,-1.5896085518665417,-1.5176477344815231
PO,-0.7231927563603271,-1.6756055114760378,-1.5238640881273562,-1.5055743023703176
PO,-0.7425694989569969,-1.6743369037162297,-1.591603687664492,-1.5176062480617702
PO,-0.7884461094300335,-0.2856171880754276,-0.1261563457760182,0.0415371319286292
PO,-0.9951092956248572,-0.2850303037106651,-0.2835135309034539,0.0809089501901551
PO,-0.9078551464384246,-0.3303328923882191,-0.5181474555091949,0.0339847309080575
PO,-0.9340700520408344,-0.3611950542099876,-0.3366097652997981,0.0459961511893237
PO,-1.006741660718831,-0.3664835989498117,-0.3549229697173025,0.0540516736284443
PO,-0.7048595636951482,-0.0767054527998608,-0.534942585668619,0.0345925205005245
PO,-0.9295002460763276,-0.386752593613086,-0.6757504565961596,0.0415988020477465
PO,-0.9718872653765068,-0.4062720573420145,-0.7387770434836446,0.0573074431951139
PO,-1.1023749187148617,-0.3811706704469879,-0.7082876457377218,0.0534028673939915
PO,-1.1223993800236465,-0.3052710012139599,-0.6377592665622375,0.0637294369657921
PO,-0.7359578681564317,-0.335790851286931,-0.4232946130933819,0.0329757008767967
PO,-0.985749208545148,-0.3176553919243836,-0.5443042043469598,0.0139849705372877
PO,-1.021308919727154,-0.3545674357759018,-0.6845731612518853,-0.0030599242298664
PO,-0.8851921316066305,-0.2801856425535047,-0.4106418631720425,-0.0012476827963721
PO,-1.0580170023846696,-0.3327710210520044,-0.4682310421984793,0.0516347898016297
PO,-0.921024522077642,-0.4609132511277083,-0.7782494128639654,0.024514202809501
PO,-0.9415022181983272,-0.3842485167471243,-0.6287027563921452,0.0135869406260527
PO,-1.0808832697432216,-0.3348469430760491,-0.7424387108153311,0.0200088195009477
PO,-0.9216708891500476,-0.3528268431969035,-0.5066553264704621,0.0713645736159504
PO,-1.149609399547255,-0.3908959449883361,-0.646323883594558,0.0407401500310761
PO,-1.1502989215046433,-0.4424979520617135,-0.8653231331857801,-0.0279515555407703
PO,-1.050114507518643,-0.4683552076286462,-0.7158262649055007,-0.0557933208159532
PO,-1.0797096652366518,-0.3957283133581584,-0.7940681631689162,-0.0320723142693075
PO,-0.8901525992381915,-0.4248646312107611,-0.6398346128023509,-0.0431552146758034
PO,-0.9396067572286192,-0.4429641977185944,-0.660864162592986,-0.0143097427461373
PO,-1.193458563176698,-0.3058800787965263,-1.008455908570794,0.0065608250701844
PO,-0.957903973755594,-0.3047657168152378,-0.7258766662106173,-0.0194783025494796
PO,-0.9795959477738296,-0.3881277475099646,-0.8556205303547079,-0.0330180584675734
PO,-0.9635227263633084,-0.350186221869622,-0.7757804590849563,-0.0731565148406932
PO,-0.9948176232123724,-0.4765498398808251,-0.8402958612675703,-0.0339622994372198
PO,-0.9887226091343866,-0.3711162864722065,-0.5114768567760611,-0.0596920621284793
PO,-0.8185724577844048,-0.3537485694706695,-0.8198905930949836,-0.060562540997258
PO,-0.9619066496914068,-0.4212987818038252,-0.7943976929597873,-0.0129267104664379
PO,-0.9913436874573772,-0.3721649558269225,-0.5196217425134307,-0.0608153239516554
PO,-1.1036301784117946,-0.3837823573443816,-0.644081516398723,-0.063224799745664
PO,-1.0460975189997852,-0.4819798539015805,-0.4692183317213643,-0.0773091738773038
PO,-1.0132283589864692,-0.325644227283333,-0.7558525983041594,-0.0370207916087097
PO,-0.788669618864788,-0.4246278532072582,-0.7015613848909369,-0.0848572000009954
PO,-1.0088278069836611,-0.4380329779691266,-0.7877418824911381,-0.0297997769561706
PO,-0.7912231868235848,-0.4455172897820149,-0.7525369790995771,-0.1108303530576661
PO,-1.1177679826030031,-0.4153925650554775,-0.6019795089512422,0.0194190713132106
PO,-1.0209940919594105,-0.3806598634863716,-0.8009485920047698,0.008936436295508
PO,-0.9811470491671608,-0.3716176400997096,-0.3921097821261773,0.0060316772754053
PO,-1.016903727532772,-0.3292116703474369,-0.7116390969785547,-0.0125444777458403
PO,-0.9409868757501946,-0.2605385261849621,-0.4220585387367019,0.0088872940104104
PO,-0.9914797031651836,-0.339713830057946,-0.7757436461475045,0.0100273804757992
PO,-0.9981007261304642,-0.3674276172221428,-0.6435201878034782,0.0303240910866113
PO,-1.0426751001902228,-0.4041241017201128,-0.4300198359567095,-0.0199744123802408
PO,-1.0377471797817577,-0.4171936446918794,-0.6655716536456967,-0.0133413257158381
PO,-0.9969041271801292,-0.4411647205244171,-0.620863208566706,0.0026849058325465
PO,-0.9185357590195324,-0.5044764135435672,-0.5706431384051318,-0.0346063506461505
PO,-0.8648665723471765,-0.330509290034298,-0.4670483041781476,-0.0426348027955932
PO,-0.9035086719384092,-0.2666449839898272,-0.6007926108036099,0.0235937655663118
PO,-0.7323934468673526,-0.3855221956867696,-0.5710728377240094,0.0078185620528604
PO,-1.055452320192889,-0.3639488807110886,-0.6564653783597718,-0.0097468520779049
PO,-0.7639328293111188,-0.3620196166804357,-0.4335647676464678,0.0216868986213562
PO,-0.8851336809282349,-0.3497754905863258,-0.5284535510517727,0.0170784470903902
PO,-0.906691745090746,-0.3347015142270405,-0.7722472024693954,-0.014270660506158
PO,-0.453663145711106,-0.2729226834552854,-0.5771454174397629,0.0120073687987666
PO,-1.0487303842208155,-0.3757187678892935,-0.6623164855506329,0.0331939875077491
PO,-0.7827555882537183,-1.431584786617032,-1.4073916066850476,-1.2628023990915116
PO,-0.685947512801373,-1.4336684509460702,-1.3653891830974911,-1.25324934141714
PO,-0.748172322210472,-1.4449398119353527,-1.398309740292256,-1.2640418869793766
PO,-0.8401010223117444,-1.4321130302208582,-1.308237007682426,-1.2591287561384723
PO,-0.8347045602397067,-1.3983398610333726,-1.36948738547343,-1.2429672564753866
PO,-0.793683321429759,-1.4570651234882093,-1.3889450756350548,-1.270731016826502
PO,-0.7614243019467903,-1.4495637428453,-1.3433420899135036,-1.259468958212395
PO,-0.7935512253654384,-1.4675746639605587,-1.5126494301550086,-1.2730211940428853
PO,-0.8475443026603695,-1.4557829958928397,-1.421659336075615,-1.271462373523914
PO,-0.8106900576538417,-1.4744867662740828,-1.502162008458504,-1.2762094264954176
PO,-0.7348244571640814,-1.471758552428238,-1.414958145019306,-1.2736269975486658
PO,-0.6489428033680621,-1.47199149620663,-1.457640832805149,-1.2886894597582068
PO,-0.8294894203680871,-1.452425287250796,-1.32941293053369,-1.2837029712239598
PO,-0.7156477359041902,-1.4320248269346654,-1.494631989403692,-1.2721166289845949
PO,-0.796273621713236,-1.4429437453828802,-1.3588916864827214,-1.2662437375103734
PO,-0.7689884774578155,-1.444372462916618,-1.4460381893580705,-1.2903378576144868
PO,-0.8096949029313025,-1.4670021481114357,-1.4285330484345655,-1.2788603705253083
PO,-0.7048389995324095,-1.4837884465971314,-1.3764529854772525,-1.2759975584169043
PO,-0.8511573292073108,-1.4695107011060964,-1.3950391121393704,-1.284796756856379
PO,-0.6987076713691865,-1.4811459017859387,-1.408425096134364,-1.289964381611393
PO,-0.9446730542511576,-0.3978225152079904,-0.4337684961700169,-0.022035997783507
PO,-0.8449116413601869,-0.4156923670470694,-0.6619062505823632,0.0489520354783299
PO,-0.8600329781638125,-0.4032359462170443,-0.6669928768472251,-0.0034090902961317
PO,-0.9143161070180092,-0.3502578336749334,-0.3770065386528353,0.0434832266400778
PO,-1.0997494844224125,-0.415561751714316,-0.467841696384063,-0.0102667150267426
PO,-0.9351417591416644,-0.4591191906236849,-0.5854866783892956,-0.0267939678625764
PO,-0.9834760793782616,-0.4578650761926812,-0.6189085757222467,-0.001942216928035
PO,-0.760114448098663,-0.4326773127359559,-0.516088605759053,-0.0065025853057356
PO,-1.029360837463947,-0.4932073954177693,-0.5478438134136306,-0.0137887185676728
PO,-0.6875692745106126,-0.3623678514998228,-0.6436295768049335,-0.0041412201099551
PO,-0.8902095958631682,-0.4034654332041031,-0.6229601557264924,-0.0286060961446756
PO,-1.1033345004579096,-0.3597716432211191,-0.4251388278791905,0.0019841641902246
PO,-0.7992061261756952,-0.3781684290029977,-0.5301605513580862,-0.0240821712267747
PO,-0.9705231009751628,-0.3763949635126471,-0.601375225555826,-0.0010273095250427
PO,-0.8381006949356364,-0.4325700171938901,-0.3994538864573908,-0.0095286979521239
PO,-0.7816261269780209,-0.4050730499672203,-0.5492435571831903,0.0180459140826975
PO,-0.9776184526173692,-0.356133642027405,-0.5640420978747708,0.0104484975305169
PO,-0.8948271566775138,-0.4315140791576804,-0.3713461174608584,-0.0072167758881174
PO,-0.7682877346420998,-0.3871442409611298,-0.436284240026242,0.0022278300590856
PO,-1.0506650772164734,-0.3205887456097681,-0.3651043386598296,0.026391499430469
PO,-0.7458189916621367,-0.3813488112176701,-0.4978417359549704,0.0413020694126562
PO,-0.8803938415248929,-0.3652384818317082,-0.3498695707788675,0.0291154947169304
PO,-0.9670771002631514,-0.4766257550217099,-0.3337163200788652,0.0439005932666222
PO,-1.0439789013737513,-0.3815781254951733,-0.0161265607415173,0.0514524840935788
PO,-0.8240478600533162,-0.3196889555893308,-0.1267432069328206,0.0734229175295997
PO,-0.8537007582953211,-0.4478598332976434,-0.4724301396212276,0.0793886427645043
PO,-0.7049466904024847,-0.3626257741583187,-0.404146959437598,0.0600233666222596
PO,-0.7943523630631428,-0.3365396212091059,-0.3227128618004258,0.0481801445263721
PO,-0.8584616333025888,-0.2999882229191558,-0.1055075697947449,0.0593489636996689
PO,-0.7598578923599113,-0.2768421789887646,-0.2631915057413873,0.0651744561831633
PO,-1.0289121902764855,-0.3549082294896635,-0.29979637299247,0.0853695756028392
PO,-0.7880529038722057,-0.3165829223669804,-0.3822770107386275,0.0722887029047605
PO,-0.9682843161254756,-0.3913384320636087,-0.2339456285613949,0.0740070816660806
PO,-0.9080647138812732,-0.0780520233300916,-0.3202949160302112,0.0678619497416084
PO,-0.996328511518088,-0.3640545669836558,-0.3669207795995881,0.0397524627335209
PO,-0.8804361457674351,-0.2832922871548327,-0.3882947538125661,0.0642159437363124
PO,-0.9452938182465944,-0.4175188446292168,-0.3655616318257472,0.0386185194363773
PO,-0.8383731008314603,-0.3574718957890356,-0.4014969536179574,0.034646963660577
PO,-0.8786073897336119,-0.3441982305348037,-0.4572305816801756,0.0326611763834305
PO,-0.7640575403544451,-0.367177405038184,-0.3389824003551961,0.0396114576813284
PO,-0.8118368795978946,-0.3366898807042933,-0.5724790823911666,0.0034801006540588
PO,-0.687145669089233,-0.366794712876529,-0.5049814278176166,-0.0269749867091811
PO,-0.7939113386726023,-0.2984146185068162,-0.3936802874561424,0.0016588012448242
PO,-1.0078209506588791,-0.4378960313057334,-0.4599039712885435,0.0048219251738303
PO,-0.9609246976197316,-0.4377688297042479,-0.0703335941778871,0.0079506835850339
PO,-0.9537359730613088,-0.4386110722952344,-0.3389792116799296,-0.0368502182198276
PO,-0.9415221531581048,-0.439488907931313,-0.4373346405894073,-0.0358998217022991
PO,-0.9063729426924024,-0.5192375499495074,-0.5011563296012642,-0.0222231076033623
PO,-0.8164997285875908,-0.3472924378773113,-0.1805286874742832,-0.0525588595864176
PO,-0.7456552197700401,-0.3781702641874586,-0.1831040166696629,-0.0330037128900066
PO,-0.8378665790811898,-0.4691064185431188,-0.4387809067417438,-0.0132689186080598
PO,-0.8509041808954131,-0.4219788108834491,-0.2368456065310496,-0.0133403325995514
PO,-0.829031056243973,-0.3824746289724294,-0.0426605044599993,-0.0014810130981864
PO,-0.773601027741737,-0.3588467109935486,-0.0042616263119919,-0.0199173247606082
PO,-1.0100310574560554,-0.4843672785523503,-0.1698678588081023,-0.0057248341677746
PO,-0.9004236916591114,-0.3868897129897174,-0.2885137364795708,0.0098806191704166
PO,-0.796545105877178,-0.373187977655474,-0.2219470040488109,0.0499383754522664
PO,-0.8085408415471441,-0.3595998468195937,-0.2443738694760374,-0.0190586589779835
PO,-0.7302248419617267,-0.3617749701454676,-0.2374876159047615,-0.0165889721205326
PO,-1.0954592576723583,-0.3178676155830678,-0.2579392059062402,-0.0170378526213142
PO,-0.9184960896420016,-0.4532494815674374,-0.4617688967810422,-0.0198705075725214
PO,-0.8293631303685287,-0.4720008472578158,-0.2189986819605231,-0.0003394161489315
PO,-0.8819959294239085,-0.3825769141955274,-0.6301878195444803,0.0008015977548176
PO,-0.8975180643780895,-0.4667068330154321,-0.1376001497657356,-0.008503517645405
PO,-0.922679915021778,-0.514171540493127,-0.3955125874660265,-0.0007327133710522
PO,-0.774320479227898,-0.4737873312111902,-0.3122365373029384,0.0110791786903921
PO,-0.9962461048723494,-0.4038188402292868,-0.2797216871328715,-0.0220018714495279
PO,-0.9784279297295824,-0.4232785601594653,-0.4196386713369419,0.0009801121382023
PO,-0.9305766949923656,-0.3704881187454507,-0.2838920682756065,-0.005476586990664
PO,-0.9263828477580296,-0.3821624006015379,-0.1204507610922889,-0.0081866044050513
PO,-0.8581121131934615,-0.4996719521194513,-0.338225826110645,-0.0174788234335236
PO,-0.8688416530882879,-0.4259606099819365,-0.3282775323766211,0.0144706254885561
PO,-0.7344529792676426,-0.449705109690888,-0.2134410750866419,0.0434516311759343
PO,-0.954988846328817,-0.4405452661047143,-0.1570481323625725,-0.0162096037091831
PO,-0.8887332622832097,-0.5540587027755016,-0.5009563372130759,-0.015733599162951
PO,-0.8439819893432544,-0.4645895667076917,-0.3907585201410768,-0.0040239479361735
PO,-0.9960820145896928,-0.3753861672077137,-0.2189582913900372,0.017108995270545
PO,-1.027818235266332,-0.3749808648106872,-0.0847051695330877,0.0056666692387855
PO,-0.6215689159632208,-0.3321204196632236,-0.3381130299653492,0.0266075523180575
PO,-0.7517181614185795,-0.3880154000225215,-0.2627313345010866,0.018028333020043
PO,-0.9141897616105932,-0.3282271316811159,-0.4212705051880589,0.1278222280669603
PO,-0.9914597683901124,-0.2552676522962088,-0.3847914319010985,0.1132943532197129
PO,-1.043607063896176,-0.3681926356476982,-0.3822675350003436,0.0748575670163177
PO,-0.8070480118758994,-0.3012158606974423,-0.4695813295460674,0.0663435014872156
PO,-0.5760453520980435,-0.4127084939213963,-0.4333186936031555,0.090895261745596
PO,-1.006287721991509,-0.3633714539248818,-0.2986523590061233,0.0932876474619811
PO,-0.9717502030150176,-0.3806473635864361,-0.3746715016041397,0.1308254994745251
PO,-0.8748608288205447,-0.4205595373389645,-0.6555788928194831,0.0834918461254134
PO,-0.9916066792517908,-0.3830041192090888,-0.3368096268947957,0.0779492643266388
PO,-0.863954400192939,-0.4106264689762266,-0.4294470181251315,0.0553935130077976
PO,-1.0360068130717537,-0.3531430363016261,-0.1848592105781578,0.116891125308345
PO,-0.9299512657079642,-0.3749485757451035,-0.4991542697944252,0.0825515221203208
PO,-1.0136675729240971,-0.40392682392751,-0.7292976312460272,0.0796937771034485
PO,-1.0501655475160294,-0.4439790809916806,-0.2612662205337144,0.0846149454673791
PO,-1.0576752030829393,-0.4340418704867099,-0.4344920449460628,0.0625470292068515
PO,-1.1204884710711596,-0.4602554319196536,-0.5743967055839797,0.073212477640783
PO,-0.9918078199154444,-0.4643029140275792,-0.3868073830656168,0.0627893516979561
PO,-1.040080226667044,-0.3791982205258786,-0.5036172933777023,0.0648397600090543
PO,-0.971584867899089,-0.433875682638943,-0.6697701963552629,0.0375688721823551
PO,-0.9191450401334595,-0.3900475230044606,-0.4918150597283933,0.0369850861279769
GNO,0.0171625231637716,0.1629336024981426,0.6180335510810057,0.1940797582579017
GNO,-0.1101583052387577,0.2037362144407002,0.468245937421419,0.2324721826030282
GNO,-0.1210013598583089,0.2347151374216659,0.574846391497563,0.2317407869972497
GNO,-0.0561648217954367,0.2583588625278435,0.4160747156234371,0.259497245278176
GNO,-0.3702873180906986,0.2003940227845781,0.4187399457903211,0.2754472552567446
GNO,-0.3064159881233727,0.2994044533918461,0.5751260907162703,0.2864456971244487
GNO,0.1311935188487456,0.4228594372427757,0.7507325848982548,0.2940450801788456
GNO,-0.2196217172204836,0.2933766573192217,0.5635446631340054,0.322012113748819
GNO,-0.1126268333600195,0.3227027098936327,0.6934995594673562,0.3106108806367433
GNO,0.0487619701319672,0.2417720519986876,0.6520095271955962,0.3431650007321827
GNO,-0.2192560497946428,0.292727066339474,0.6212085206044948,0.3042799597674682
GNO,-0.2215894772031706,0.2790948742327277,0.5067787274107386,0.3682938423568037
GNO,-0.3103357541788363,0.3423241590339231,0.6203478443488933,0.3633612153316757
GNO,-0.1360675078159524,0.3512048858968473,0.9023580149585592,0.3374000618095661
GNO,-0.2192413881173898,0.388970490259726,0.6676387738944459,0.3524356666695737
GNO,-0.3283640729727,0.2207855896295902,0.5216109892340216,0.390641529810923
GNO,-0.0954013571857166,0.2289163387469726,0.3610905061409954,0.4134863438151411
GNO,-0.4547990986333718,0.3718240853285954,0.6733390953376482,0.3900204741366795
GNO,-0.1232323574197459,0.3637765867841929,0.5689294221989584,0.4150219542507258
GNO,-0.3392897891583699,0.3020589419860276,0.5298333105184811,0.3739205143131657
GNO,-0.3592769491222584,0.3178580710825993,0.7106289486826288,0.3559269420032605
GNO,-0.1645313813810728,0.2972834423656958,0.565927494202525,0.4009844083086366
GNO,-0.2034660345472124,0.2245204463081806,0.8102218518170624,0.3514126917976709
GNO,-0.2631415001593861,0.3095349456403107,0.2774805627848393,0.3172303764925319
GNO,-0.4782341576487829,-0.0850199202632978,0.1545128561458325,-0.0382633698478227
GNO,-0.4553187277596793,-0.1499592861234876,0.1182841264649902,-0.0558078078872138
GNO,-0.2132312833509563,-0.174154230717967,0.1315960538895134,-0.0962118189120204
GNO,-0.5471785455889684,-0.1146350942918184,0.135424436210225,-0.0603559835643028
GNO,-0.3231238989082449,-0.1239842576773422,0.1033836714758562,-0.1011736313438544
GNO,-0.5146571296125908,-0.079590169482511,0.3497374071128769,-0.0813670599841293
GNO,-0.0637642313419722,-0.1397123114117513,0.2238634960979275,-0.0723209312935027
GNO,-0.4716154376171116,-0.1291716462142894,0.0191343504824483,-0.0859043931919819
GNO,-0.3058600539045392,-0.0940812779699475,0.1305931119265083,-0.0670051914598705
GNO,-0.1678853714343625,-0.1117075163568934,0.317274121191029,-0.0596922609528964
GNO,-0.124926355826226,-0.1166984497835916,0.2332868545687048,-0.0480519102776166
GNO,-0.4253490295876518,-0.1269215161952701,0.2371623061507552,-0.0956864977316918
GNO,-0.1149117742294568,-0.0413285037595042,0.1817386855185969,-0.0532551809379327
GNO,-0.3603329204884243,-0.0726721025873836,0.2800855980661619,-0.0534885561473805
GNO,-0.0949548338052281,-0.2085839273306695,0.1893600967637658,-0.0953472172868419
GNO,-0.4293139137759823,-0.2012465680432485,0.1265860251367725,-0.0706755016922538
GNO,-0.1163323831523488,0.2417890553455967,0.6553059474519461,0.1947821984683989
GNO,0.2488301048075797,0.3476675201811355,0.5968574441150724,0.1868312574062571
GNO,-0.0392079278263069,0.18802857525664,0.4377506640414605,0.2270781787785991
GNO,0.151859664967393,0.3165491792123813,0.5805356215027706,0.2345520858645311
GNO,-0.1011937819773542,0.2603833281565047,0.4795524764912319,0.1808359543974855
GNO,-0.0242239846343019,0.2421646144240896,0.7091381079039055,0.1960123488677102
GNO,0.1104892014200567,0.4002917136122428,0.6758077699780712,0.173596385425989
GNO,0.1885713289926901,0.2024570535356341,0.5640520775812827,0.2164315753935659
GNO,0.1209141112493655,0.3356809655392678,0.5979947185868252,0.1944772452963694
GNO,-0.0181809926055672,0.4394442445354033,0.790889341316482,0.1990677071296819
GNO,0.1111042350430246,0.2962867820529514,0.8551295755879657,0.1613487837770108
GNO,-0.2113284484503365,0.1221902957235047,0.5662343778337404,0.0674548511258714
GNO,-0.106324212314068,0.1525110291667895,0.596429429609626,0.034032731431752
GNO,-0.1393062128288231,0.1378699364487815,0.6531303965668774,0.021030166573105
GNO,-0.251608315729098,0.0768047659546753,0.542350051498473,0.0448555363287214
GNO,-0.0735717655517539,0.1728479107260825,0.4207262356395442,0.0255084062632562
GNO,-0.0276974566096022,0.1771297201503338,0.4362394181619492,0.0084579890748189
GNO,0.1671877960808766,0.2012329550477904,0.8669269011577371,-0.0015568999918498
GNO,-0.1171769201797543,0.1720379751969296,0.5689536545691369,-0.01125895863697
GNO,0.0355460513062032,0.2673202414768189,0.5843589119019611,-0.0448953891685469
GNO,0.5507728658969662,0.3886148949486913,1.3376625044575368,-0.2090724976463179
GNO,0.615524303105938,0.4369540852459695,1.283485087967224,-0.2067778610228714
GNO,0.6467771740678362,0.4937500909675666,1.284265464425649,-0.1570823607630679
GNO,0.4309837600180944,0.4691324403124799,1.326151268753212,-0.1538081190515756
GNO,0.4277589278072196,0.3664818765617791,1.339634494972334,-0.1626819079594639
GNO,0.7187312202838404,0.514418586471005,1.0834331120763732,-0.1614644270398302
GNO,0.938769324034578,0.3916381382116591,0.916776011664649,-0.1912002174774305
GNO,0.762716933663409,0.4051277463358821,1.2418901775184834,-0.158095604932873
GNO,0.4244702171882846,0.3870262680084052,1.1679618069616056,-0.2162516308941506
GNO,0.8066572702213339,0.4426439393660711,1.32986674592146,-0.1628464404110403
GNO,0.672747863796912,0.3998802473163436,1.3440854167891745,-0.2233859393161633
GNO,0.4642731326395244,0.4242774717780708,1.0461336420894891,-0.1989506418496109
GNO,0.2400188722847842,0.4887452348079588,1.1870405032896545,-0.1821156279272749
GNO,0.4248221003457597,0.4846365781510329,1.3865628446826237,-0.1635444934846302
GNO,0.9050830854978668,0.5850190862037633,1.6700077837378584,-0.1464713290979845
GNO,0.6474235738642687,0.5163603951236386,1.1793150083709496,-0.1886794027578187
GNO,0.6630613797498085,0.4766892140508945,1.4855973906407145,-0.1995938268509151
GNO,0.4382668109699405,0.569150382017646,1.545003492992138,-0.1737758230758005
GNO,0.3475642354435421,0.5545966176871319,1.3882428019179456,-0.152888480482138
GNO,0.7121982767857349,0.5337923467555207,1.622442647114701,-0.1908032778049762
GNO,1.233272908420396,0.3988580059614466,1.1520810529644074,-0.2367320970949597
GNO,0.5029220369018587,0.4855498969298061,1.5150245554266817,-0.1974419426606691
GNO,0.8439824081423267,0.4757903661405053,1.4483182453802583,-0.2245553687690452
GNO,0.8923455417517806,0.3929088052057656,1.6115138871574026,-0.2237747386568679
GNO,0.8043374504090599,0.6426621678098318,1.216680838843067,-0.1725764429365287
GNO,0.6620316585740513,0.5506280744214509,1.6726304001133403,-0.1847384923322072
GNO,0.6794580109665437,0.5255237990980635,2.9594693736568507,-0.1367093294256191
GNO,0.8284320916529098,0.5271447260605114,1.478740987808821,-0.1356463862586662
GNO,0.2862138817202499,0.445741133960193,1.4247696100156684,-0.1829163640714406
GNO,0.7288081874668073,0.6822155533078513,1.3028715383206328,-0.1617038158037028
GNO,0.5961359637736419,0.6388198595093172,1.7144275429198257,-0.1868312922736666
GNO,0.5922343731011912,0.5898226382327459,1.4971617180227723,-0.1458381218000874
GNO,1.2803596790964449,0.5879160064376335,1.8522130221074635,-0.1717263131549682
GNO,0.9598746704262708,0.4522277994309735,1.177139061604112,-0.3133231574034173
GNO,0.696836348678987,0.3611867010963382,1.2969914182905105,-0.3351087666422501
GNO,0.4272126406503584,0.4241604967680202,0.9541721184909152,-0.3173396300227908
GNO,0.6247599306746229,0.2609101345835798,1.1220693253269618,-0.3279078557488158
GNO,0.374500276155084,0.394348176707828,1.1361586754925883,-0.2970291673271742
GNO,0.3362053043376334,0.3440496355507884,1.2454808582376822,-0.2927126647145759
GNO,0.6054863498069115,0.3382300896326733,1.2308497114873835,-0.3822845581619469
GNO,0.8277504457838477,0.5430931106660998,1.83924966352255,-0.2030333041873082
GNO,0.8025200302437218,0.4147176562012527,1.290198592952715,-0.210320918129856
GNO,0.4528430888613993,0.5165329691925898,1.6379676652426836,-0.2330653708800407
GNO,0.8509982799226173,0.4419355043417692,1.366486404470244,-0.2461990085293497
GNO,0.6395806576359355,0.5551025123741812,1.2807750450991835,-0.1891680343138928
GNO,0.8780510007335328,0.4331897746439736,1.4626940846209326,-0.2822433740724062
GNO,0.5392099009678853,0.3951157593978628,1.5314900113445482,-0.2219003712307716
GNO,0.6776852709410635,0.520606317463826,1.612403752209299,-0.2674730998933703
GNO,0.6247794381454292,0.4816217347040424,1.5258306732050768,-0.2511471408116103
GNO,0.6778533950289168,0.4676459796315049,1.225330832700372,-0.2472681782649068
GNO,0.5680183218026772,0.4741701430323424,1.2617907083771838,-0.2573819554822086
GNO,0.5842806214941489,0.50197088455572,1.417548113157005,-0.2497668179565854
GNO,0.7177405530437916,0.4560164384650155,1.5597985334115283,-0.2924087607523908
GNO,0.6415815195757522,0.4179554021695926,1.402544601039608,-0.2704538816930369
GNO,0.6266848352037854,0.460260749785198,1.5814756067340892,-0.2569215571179717
GNO,0.6838866946015417,0.4151693896869137,1.4548266262303553,-0.2470502772112499
GNO,0.8565267706457971,0.4251713558187618,1.5914222714073945,-0.2729907771161284
GNO,0.5753811641210996,0.3697131458439702,1.4298833528775503,-0.2796535676246879
GNO,0.5440667680856363,0.5051083460178523,1.415333258520025,-0.2596955526159571
GNO,0.57227424908955,0.3951471341780176,1.296113617771482,-0.2545973918653896
GNO,0.6329922404772603,0.3502232413739048,1.2455589911100615,-0.2872612057891002
GNO,0.8315403152222254,0.4235138219109465,1.3854343341978927,-0.3187889321267286
GNO,0.7867156135321244,0.3105582214912084,1.1546337144924024,-0.3682801262473156
GNO,0.6739459700513977,0.3598113409830746,1.1954621284372162,-0.3685470507850842
GNO,0.5691127044156584,0.3193392657241349,1.4310782982763155,-0.3972232761172073
GNO,0.4825545533942346,0.2345591580771465,0.8810973237452552,-0.339573141434505
GNO,0.5990970483068527,0.2485172873511022,1.187564497329086,-0.3648925586194855
GNO,0.5143332549397633,0.2044979454135687,1.0335017196350798,-0.3123314584231512
GNO,0.4658174435638417,0.1431300293066991,1.325281355599537,-0.3299750642133163
GNO,0.4492364975040837,0.1759777879273025,1.1576816514995347,-0.3754216646214562
GNO,0.2939052684576752,0.1917224369102219,1.2207704637534351,-0.3578977192532825
GNO,0.6624301788221372,0.1837896927318812,1.130332286669825,-0.3378831487949332
GNO,0.4179750152564459,0.2661024925237737,1.1181853844123588,-0.3891121158510595
GNO,0.5024772586468895,0.1645348160736335,1.1508176380009856,-0.3521474552362948
GNO,0.5758162558284969,0.3441961975330712,0.862946475134859,-0.3442768692852752
GNO,0.3692442769561014,0.1865254300584469,1.0415522494855909,-0.3683167237291251
GNO,0.3428858883877361,0.1815320363477808,1.03437250571534,-0.3356928448492758
GNO,0.2509338463188903,0.252760954473388,1.1292841799712428,-0.3718633794247036
GNO,0.5751837721926706,0.284991287721644,1.3072225953568977,-0.309505393747012
GNO,0.2871229454334036,0.1910406753338993,1.1665943217771857,-0.3498187764690012
GNO,0.4603128267985071,0.3342787517820786,1.1089969704488545,-0.1660080315655985
GNO,0.6625705926890091,0.4350493078169068,1.3338537752134931,-0.1463976873997964
GNO,0.6025789373314502,0.4438685241956761,1.1063653498483643,-0.0825506968995491
GNO,0.7565075566981095,0.3164312904424097,1.1393249709329618,-0.1923223219966184
GNO,0.8727025124064804,0.3268651353894264,0.9956536061387214,-0.1614309991137817
GNO,0.457309044015759,0.307702078765605,1.250005443525494,-0.1568368369986856
GNO,0.2798061558312066,0.2320247304113581,1.4341654639966328,-0.1266563182426878
GNO,0.4235549765782923,0.2674249337547241,1.3938833111797242,-0.1632062010848175
GNO,0.3203982594401113,0.3072655814703981,1.132497855084302,-0.1264187153113982
GNO,0.094423744802813,0.3402143008941023,1.029012670229881,-0.1630670380219943
GNO,0.3428296529025189,0.1896719876773047,1.0133438049425672,-0.171940053232404
GNO,0.3224940547292244,0.1987302445032969,1.2017360511126662,-0.1071113394292217
GNO,0.4740080419967004,0.2696376225660654,1.350478708707986,-0.1395902705143448
GNO,0.4456807855053238,0.3307929502057414,1.321035672668782,-0.1260223863525706
GNO,0.4676071489918579,0.2657078448496691,1.2689967273577931,-0.1217379234870904
GNO,0.365475138015142,0.2317895768761402,1.0858642151219229,-0.1561566924173253
GNO,0.4205953414696529,0.3381136643947645,1.148359247414282,-0.1176864147274498
GNO,0.0182609716607588,0.2774093623996717,1.1762686771352036,-0.1068788896578408
GNO,0.0781542572646419,0.2952048665571224,1.0999192251476635,-0.097692843648928
GNO,0.3773579583781423,0.3329971926269414,1.228988610620024,-0.0768608288898079
GNO,0.5197839809478717,0.4702440515278956,1.345252755135771,0.0628933861170583
GNO,0.4338149436492848,0.4445688945574848,1.2022484501368174,0.1605455875597168
GNO,0.233327438867776,0.4780060920177659,1.6095783352260713,0.1001825992890021
GNO,0.5531689893303616,0.471455079785265,1.2050526934308057,0.1388362716391016
GNO,-0.1355981356778794,0.479738734489594,1.1683200360502195,0.1358606440099139
GNO,0.220094197012444,0.4795829902492148,1.204691996082028,0.1997653892922249
GNO,0.6569051420745166,0.5008769525691886,1.1469846805188366,0.1219845282854564
GNO,0.3034979472838769,0.4980044271802372,1.4458844022061546,0.1458859505088534
GNO,0.215572212886962,0.4006517694061186,1.253272932755115,0.0673258008173549
GNO,0.1437884014933623,0.3678953841045627,0.9899953422837028,0.093187698471527
GNO,0.2793995974068101,0.4351856579737393,1.2406325183750628,0.1344204797391133
GNO,0.1985955609735692,0.3215498521462591,1.2110682253887697,0.1573992028890686
GNO,0.1703308071400215,0.311859449610205,1.2796568095554897,0.11164096004831
GNO,0.4181523755398896,0.5993285060169048,1.2976877022732909,0.1697728826925221
GNO,0.2864166413892601,0.4550450180770202,0.8891449574303542,0.1246856076577786
GNO,0.2190700345629923,0.3863818889978862,0.9785721916206616,0.2215345154070324
GNO,0.2795803544673678,0.3552083125781813,1.1856156068946946,0.1738326476119075
GNO,0.0623281703008518,0.2622402610683065,1.2597104559188543,0.1500513326128531
GNO,0.3889575711513072,0.4296931691599208,1.093360078099011,0.1468942277771704
GNO,0.5420616419154599,0.3647784835649752,1.105314003945157,0.2214501214794525
GNO,0.2035873150807455,-0.0197532455523417,0.8692918219104606,0.0527598594133057
GNO,0.3709834694303692,0.0158017614442977,0.7411348063180861,-0.007392913739886
GNO,-0.2380252515906492,0.1418071023921238,0.7771259558384557,0.0855749453732517
GNO,-0.3133016085727065,0.077979176777514,0.5537384862535079,0.0643192166579331
GNO,-0.1709566736554829,0.2266863695895123,0.7564312428670494,0.059076887045367
GNO,-0.0052541818199712,0.1644975874191436,0.8952205358736149,0.1091722082272952
GNO,-0.2599290594710659,0.0422791940634238,0.6692463744891164,0.083173050573813
GNO,-0.1427991165635346,0.0210963877748054,0.9539562937900592,0.1116162063136968
GNO,-0.1216817375867622,0.0253208733115067,0.4633326639947873,0.1069630879197083
GNO,0.0469069456997473,0.1209794889247212,0.8167510451907438,0.1476008311105684
GNO,-0.1520704387290784,0.2010067182787064,0.653886350517806,0.1174976540675112
GNO,-0.2079641466141872,0.1828846481202321,0.7677560396158523,0.1469191247503661
GNO,-0.2800693453986498,0.1712302050060496,0.8153657163071479,0.1819446038777687
GNO,0.0230786535666593,0.1500056672397407,0.873686241303017,0.2139414617950877
GNO,0.0612066043636037,0.2592815510211388,0.8628710180813641,0.1916346095381773
GNO,0.0757277014586301,0.359690322337976,1.0031235975928845,0.1941242529022316
GNO,-0.074729396639762,0.3230903806592469,0.9303921739484824,0.274810599797075
GNO,-0.1103999411533244,0.2439189974413075,0.8014172408566447,0.2798382460308302
GNO,-0.179133993094955,0.2540801414541778,0.9817539210035204,0.3484984240992229
GNO,-0.2473227441885236,0.2654869341233419,0.8099944095172554,0.2778459359189251
SOYO,0.0771450367809546,1.272347595982559,1.0533242965398264,0.2840146820266225
SOYO,0.013784594551299,1.312411119052994,0.9982255376699984,0.2229585143899411
SOYO,-0.0633559287133042,1.359432555290622,0.8986112111360177,0.2815017751710119
SOYO,0.1347854290668924,1.2647805202077549,1.0484148279960968,0.2230406611853737
SOYO,-0.1162218271765237,1.378135033597585,1.104764116165467,0.2836157967370954
SOYO,0.09779793254655,1.390143006894198,1.050836022310757,0.2563920824801107
SOYO,0.1071095190883016,1.3579922916666367,0.9287818599922464,0.2481077972724302
SOYO,-0.0626237300059559,1.2806341016110427,0.8181425519140435,0.2318027936704526
SOYO,-0.1621533380651938,1.3784926158349438,0.9036102336491282,0.2537439013688506
SOYO,0.1575603245917191,1.364938057691205,0.9745682806480596,0.255979704209928
SOYO,0.1179985103295489,1.3900399678145814,0.939433125460622,0.2310602671959333
SOYO,0.1362001105103238,1.3549515773886716,0.9273682333121624,0.236723484873888
SOYO,-0.0185598022279336,1.2989364957188962,0.984611642600284,0.2541866245714037
SOYO,0.0133288032575345,1.358242372294523,1.077321403291435,0.2622170552514113
SOYO,0.0618721260496344,1.3542779244952088,0.9639889995798192,0.2299852720495155
SOYO,0.1728170743215651,1.404597623027869,1.074664376157297,0.2609445395984689
SOYO,0.0229924459907721,1.2016771363736622,0.9497748553258404,0.2224011632578945
SOYO,0.1628641511966109,1.31847956213848,0.9916384274996788,0.1907502960161189
SOYO,0.0053286379546213,1.388721769279862,1.1848207506966904,0.2030250590423852
SOYO,0.0619093283834746,1.3668899858024373,0.997324464334125,0.2482645383178885
SOYO,0.1414390714499304,1.3538286953335217,0.9377115377378804,0.2142729583638361
SOYO,0.147452404140041,1.3365665534723836,1.0783121662215651,0.2488756536889003
SOYO,-0.4571817747626595,3.759767454035076,0.2027363219471573,0.4250573866739101
SOYO,0.2476697864101594,1.4762417010077074,0.945839081881588,0.2550871109991413
SOYO,0.0541992091402988,1.3825195188198651,1.089609373840974,0.2335496958607263
SOYO,0.1379032239197958,1.4407646903795706,0.8996049586994536,0.2974366426878263
SOYO,-0.0540341437871466,1.4652576015649614,0.8932507778604476,0.2443503234445715
SOYO,0.1029831819818343,1.4671467999114374,1.0765851089639942,0.274298508525523
SOYO,-0.0702118412420922,1.4677171090398895,1.1765420834847566,0.270617841652209
SOYO,0.149222190253597,1.372325341423276,1.1436256702208425,0.2142153458994243
SOYO,0.0847832004198008,1.3891875064131285,1.0877345731283523,0.2009408307981226
SOYO,0.0993778619351865,1.42352962717999,1.0859806180986036,0.2382552222841196
SOYO,0.0028482249216301,1.4582268526168507,1.0483721913609156,0.2176945453101992
SOYO,-0.1498751203761211,1.3382983871201648,0.9599723679953732,0.2202861963076867
SOYO,0.1005069409379861,1.419314974380822,0.8318306124553559,0.1816110785723459
SOYO,0.0522021560331356,1.434255654115711,1.1055765597784295,0.1984524359129604
SOYO,0.2929487250144342,1.4380389490236547,1.1321858114306416,0.1814548939141065
SOYO,0.2822604809917457,1.446820756092572,1.0333867642650325,0.1560443676549726
SOYO,0.1726473380673357,1.3766671962572212,1.2282767752806485,0.1676630877178435
SOYO,0.2191013465037158,1.3958082221327863,1.1088828794501586,0.1816103927859171
SOYO,0.4283241677201437,1.6143495744104286,1.351562202785883,0.3223776769344289
SOYO,0.0881543652428606,1.648195305341352,1.246007862979429,0.3680056799601048
SOYO,0.0447367659311363,1.5291027510447703,1.360380201275196,0.33401357587112
SOYO,0.1030986090781507,1.7197803877162836,1.3568429783750526,0.3362699151890165
SOYO,0.1767481514725025,1.743083238132536,1.4651732159674336,0.3656371998192256
SOYO,0.1536547686777031,1.480029106971463,1.070434555156637,0.2332932383035919
SOYO,0.3241574826059208,1.595938613781651,1.0111070126174362,0.2680688221301868
SOYO,0.2685411366902447,1.615524759769718,1.2243105701765995,0.3177853979044254
SOYO,0.3575348947893086,1.6343297307914018,1.4356838647523442,0.386822268938431
SOYO,0.3295144277916245,1.7126330915785684,1.2265708127782704,0.3643232134031928
SOYO,-0.0167700877553857,1.4361432612663625,1.2972232374964667,0.2180544543046414
SOYO,0.1372218752458385,1.4604664479603926,1.1515703430492843,0.229661946943773
SOYO,0.2928463768187142,1.679376261574425,1.2777618543382665,0.3366997542078316
SOYO,0.1981206595322775,1.6549355003612558,1.2928077909683535,0.2918867353724931
SOYO,0.1082811801864154,1.7006599474171968,1.1161429924459705,0.2797613527461658
SOYO,0.1050760018334427,1.4946613073760868,1.0949405840999662,0.2475766135829212
SOYO,0.2022666126908948,1.534599064651237,1.234319884889553,0.2302196871975982
SOYO,0.4282569144740736,1.6929911944874476,1.4007830037221785,0.3078445122245365
SOYO,0.1379394700437372,1.6615527169491444,1.1927746020159504,0.2954588544319985
SOYO,0.199085705120462,1.6651096268212071,1.1736863151684702,0.3024735264930497
SOYO,0.0135224881553471,1.4579741843936265,1.072716961906266,0.1972720729942917
SOYO,0.100271104306916,1.4823010583596994,1.0700513857309413,0.2178152542234145
SOYO,0.0330255483069149,1.340139188437098,1.2509014186628855,0.2275409927254043
SOYO,-0.0561236465036513,1.4219792143632923,1.0383038666726776,0.2422685609339607
SOYO,-0.0426306059658248,1.5067783598655478,1.0565783834055975,0.2312677513212533
SOYO,0.0971067349044691,1.3293518539446438,1.0092217724571475,0.2277745797888397
SOYO,-0.0145426813689389,1.3969042984050146,1.064971663433675,0.2224841902071044
SOYO,0.013521932067881,1.4274166207767385,1.1139582531223362,0.1918415661687898
SOYO,0.136650557604517,1.3836635035952318,1.1991761565387449,0.2168127241049385
SOYO,0.1141791279843709,1.4120638758721251,1.123572574232566,0.2206947034057249
SOYO,-0.0414333987222808,1.4552525678167572,1.1744685527988334,0.2030580056006804
SOYO,0.1733652239026345,1.4908737774178045,1.2082834408365,0.1950449742112458
SOYO,0.1686698898773865,1.3941234470850414,1.4215441484969142,0.2080628117249669
SOYO,0.0294616634347029,1.4271479290790658,1.1418525386984444,0.2182786758338546
SOYO,0.2141814601044237,1.4191714300832756,1.2361918023517962,0.210561516289234
SOYO,-0.0814062155216233,1.3885572799330503,1.2633990977112943,0.2031086986485078
SOYO,0.0009902552862918,1.4481562577099454,1.1868646240982268,0.2404004940973357
SOYO,0.0576375306580597,1.4678826997409862,1.2173740532763913,0.2439593019711259
SOYO,0.1050329707483309,1.4389403925731554,1.182708414077514,0.2027135039708938
SOYO,0.2202568732259995,1.469476976541522,1.2259169179180716,0.2195842953229244
SOYO,0.1533965177829644,1.264751143043464,1.0465785032126165,0.1339266234006897
SOYO,0.0881713151529224,1.2567579147693455,1.12469036870063,0.1515942501479294
SOYO,0.293322546014735,1.316510953406276,1.0839392287619714,0.1518402977373558
SOYO,-0.0963340955329982,1.317666731323498,1.02900383738169,0.2017026360230035
SOYO,0.2255103965680387,1.3331058824454365,0.97736026913727,0.1750311154822353
SOYO,0.0852784462863425,1.3632235827124144,1.1763276998116434,0.1547722871405631
SOYO,0.2523428617049445,1.2210901200895778,1.0687916439861818,0.1509368547625803
SOYO,0.0513347718671748,1.3190413272311514,1.0870214347654823,0.1482904390791873
SOYO,0.0723972812725316,1.2083861059950811,0.9368369105913456,0.1769478047485401
SOYO,-0.032776129330899,1.2448773187887427,0.9976526748584996,0.1488144829023338
SOYO,0.116496537664237,1.2673781726686846,1.062881495284615,0.1570201078780125
SOYO,0.0802578554357434,1.3310313312236255,0.9253280118520726,0.1339310946279925
SOYO,0.1745610004916316,1.3088951811704033,1.1925634015042528,0.1370423663307148
SOYO,0.2431797319702948,1.2781920242330578,1.2571201525734577,0.1379652770171448
SOYO,0.2350912497582465,1.2114609821888465,0.9355800145231136,0.150114568123402
SOYO,0.0648504103368675,1.171911832528059,0.9004824605870481,0.1388309802916004
SOYO,0.2370854556740328,1.1881778704406167,0.9882770101611178,0.1418035284758549
SOYO,0.0063915859331957,1.1920455218751091,1.0968771852909374,0.1443476504277164
SOYO,-0.1143321145995999,1.2689866149047238,1.106820633373386,0.1278560505825071
SOYO,0.1073624380261266,1.249772395308273,0.9991958211778282,0.1321502935808066
SOYO,0.0243938324790421,1.1988513494846451,1.0461184270753388,0.1581550249860435
SOYO,0.1150672912488409,1.2631608237811025,1.1357911825520692,0.1559216898516897
SOYO,0.1792270609604752,1.2925589142336409,1.0019004871626995,0.1668336749937209
SOYO,0.0443815871440335,1.251402970425049,1.1053132829171703,0.1678449810625817
SOYO,-0.054076689055897,1.2412608151497526,0.9694580878910938,0.1209569077397838
SOYO,0.2543804464684321,1.2287610711807144,1.1047609473502389,0.1810694286413189
SOYO,0.3538495727070374,1.2417194361294115,1.100240622364075,0.139813809771664
SOYO,0.1543764245373272,1.2589516723483112,0.993616894521868,0.126412488679691
SOYO,0.1482353094519332,1.2643160347254827,1.0805565602882712,0.1588751130975688
SOYO,0.3457311162753448,1.162168432860601,1.137432919342387,0.1337356865163958
SOYO,0.0349604960084298,1.2719791062253585,1.171287650268776,0.1553112388979963
SOYO,-0.0412766631820975,1.2670632901195216,0.9725710674964568,0.1322697561677466
SOYO,-0.0554602013719883,1.2913343668537216,1.0303927557537975,0.1722833955610569
SOYO,0.1085775893694123,1.2525422484677369,1.1067146556581662,0.1284311284959201
SOYO,0.1504676764456412,1.2210532659626396,1.0891140805187889,0.1596111483760393
SOYO,0.085268409025071,1.311386744844633,1.2056813751651978,0.1582839739244706
SOYO,0.0956281041777448,1.1644994610702906,0.9513508762418958,0.1340651611364003
SOYO,0.1654769736015166,1.275509175327663,1.2369449282425415,0.1441850878314607
SOYO,0.3577715763701398,1.2971983430945826,1.076118321255638,0.1364241569755518
SOYO,0.1140413682589352,1.2737949593388782,1.0498440923681636,0.1370547831674651
SOYO,1.0664716534470629,1.5045699682099347,1.807047882940432,-0.6860513483942816
SOYO,0.6792949704540855,1.449243484860916,1.637560763918262,-0.6477343915546163
SOYO,0.8285320368535477,1.5988377629855124,1.909404836716857,-0.6471980199836704
SOYO,0.8405886750685053,1.4596477475016538,1.693033619287013,-0.657256524553631
SOYO,0.7510036407289056,1.5976652519969037,1.9025739519895777,-0.6279855370485431
SOYO,0.6885680542897995,1.4928821865308703,1.9597544690621596,-0.6021487789049882
SOYO,0.5670211949277763,1.6160308765405476,1.7929997327233251,-0.5911752760614223
SOYO,0.722655806948155,1.5630178636297662,1.7929258669586288,-0.6084435779620412
SOYO,0.9608007668512596,1.6200697144241698,1.7587891668986746,-0.4833073825166823
SOYO,0.7023105502844207,1.5903124345547306,1.4935773620740431,-0.5536758780448404
SOYO,0.8249981326073814,1.6068638945951603,1.7598586413521815,-0.5317242732919315
SOYO,0.8013209919359036,1.6111211461747936,1.6766067750472875,-0.5322094505379752
SOYO,0.6742590034275342,1.5782366078700794,1.8100085099100096,-0.4967404738374006
SOYO,0.7216225848374981,1.6206651601874849,1.696934964543488,-0.4541500942069919
SOYO,0.6849272533195373,1.6122687817863075,1.8054089678573944,-0.5078972351316193
SOYO,0.9002520099233972,1.564872250371692,1.5679870693965847,-0.466855409397044
SOYO,0.9064215157602986,1.6149527219872275,1.7582035870882604,-0.4559376213880783
SOYO,0.5601333782214657,1.4789175682646043,1.8464427366405387,-0.4759396472266611
SOYO,0.7642736606785258,1.5214690257526304,1.6806863512202357,-0.4561528070003123
SOYO,0.6167532715784414,1.6342814547086293,1.6127768575540906,-0.4358910407942356
SOYO,0.430378814598214,1.5344280440629308,1.4924956756113752,-0.4079590987855873
SOYO,0.570577539999519,1.4670329241500784,1.68105626967345,-0.3755138297710054
SOYO,0.5531281353742609,1.4464954050252956,1.7395132707994363,-0.373327027846471
SOYO,0.6257972613785201,1.5254629016620591,1.5560516462613128,-0.3602127735841443
SOYO,0.6548784760006936,1.498334985336578,1.6407117077937396,-0.3102847393849022
SOYO,0.5445910475469187,1.4841167511396287,1.6520936709679293,-0.3457677663347025
SOYO,0.6145388043561165,1.518625447554817,1.5415768259632925,-0.3190098005196085
SOYO,0.6765398723492918,1.48596160939444,1.5120182732706997,-0.2843202034711807
SOYO,0.4709250515669555,1.5822543463963386,1.6172326870629403,-0.3013345108823098
SOYO,0.4795810006392168,1.506387621402538,1.6818454688191466,-0.289695467779809
SOYO,0.5370134458438269,1.496351187979743,1.551752021939332,-0.2619767481811802
SOYO,0.6453593642309542,1.478616853481752,1.610286875335875,-0.2718228439421971
SOYO,0.4177870951311786,1.507302841865844,1.5102926099071203,-0.2710884578347135
SOYO,0.7438421803790649,1.474677560911143,1.577463388545015,-0.2368607785432938
SOYO,0.6489788132277564,1.400408874395111,1.569597783793297,-0.2568524002753191
SOYO,0.5422526481864055,1.468893495093194,1.582495343543756,-0.2480669953807807
SOYO,0.4098254340700626,1.4261305798994537,1.3466676704867544,-0.2583506607111849
SOYO,0.5154070907528712,1.5112310861203389,1.4315567468694812,-0.2212919958405922
SOYO,0.475213770290202,1.5301995937455637,1.523758022985863,-0.2055716100467623
SOYO,0.3434390727647478,1.4876772195983896,1.4955824277542986,-0.1690534606912719
SOYO,-0.0321012442289838,1.4209976053881026,1.5019489706909608,0.4063290068215511
SOYO,-0.1942861339721129,1.3776111654529446,1.3541434313590093,0.4014555090712972
SOYO,0.170305137231266,1.45161821661934,1.2538923559758677,0.4759358208501066
SOYO,0.1908565719715979,1.331826132274765,1.3130358880343862,0.4496666027829857
SOYO,-0.1509684419899633,1.3300158265232738,1.1745157425514094,0.3740177968791619
SOYO,-0.0259604622484035,1.0061986374432814,1.1087365467392625,0.2894432135537754
SOYO,-0.0963329591445917,1.0751531206142997,0.9043419078529988,0.3260948315621369
SOYO,-0.2623659619246968,1.023188586617249,0.9208030681577204,0.2860819444507321
SOYO,0.0100015019664537,1.0895440846452764,0.8898660973340613,0.3441946656646705
SOYO,0.1153386440876212,1.0328704240654356,0.9116240220765476,0.3575694218872096
SOYO,-0.0810268163127262,1.0305584536986687,0.9699558949771068,0.4017663199747027
SOYO,-0.0768960259001505,1.1652327617542175,0.8949855957763656,0.3815291436330514
SOYO,-0.143274027830715,1.0810827732144577,0.9474061679404404,0.3487318542175223
SOYO,-0.1431706989338107,0.9612213655370704,0.9513116102641018,0.3848366903298462
SOYO,-0.286470309777732,0.9346159092747348,0.7410322079713779,0.3900021608550437
SOYO,-0.1327560084145485,0.9159886862929862,1.087276581778062,0.3737889698205094
SOYO,-0.2174178338660349,0.9268231707735184,0.8171957031689817,0.3459829249586754
SOYO,-0.3060259746455058,0.8713732791343836,0.7116971448384612,0.3928932824373224
SOYO,-0.0341415674896567,0.9749023337849108,1.0457968579113563,0.4307848678882691
SOYO,-0.035979331985482,0.9498000256666296,0.8479939098482376,0.4293523988689507
SOYO,-0.1512462741120363,0.9944657725633024,0.6682243736293176,0.5969994107852246
SOYO,-0.281158436577485,0.926822779119726,0.8741853494552015,0.6189540145954352
SOYO,-0.0926668293302643,0.947341194915892,0.5388772292718037,0.6002207728155899
SOYO,-0.5574839709626657,0.909538603363818,0.574931502041931,0.63509900760784
SOYO,-0.2045150239404607,0.9704594299970714,0.7180007814610184,0.6583243125448582
SOYO,0.1022612264288092,0.8532772823460097,0.7975850644125532,0.642225772748286
SOYO,-0.3679248310529679,0.8321867794500267,0.6482098800933216,0.6249160354100742
SOYO,-0.1365125774015832,0.8459332888922528,0.6570138904793283,0.6992820842428187
SOYO,-0.1673381708010535,0.8930779598473998,0.7828364672790274,0.7151265554813951
SOYO,-0.6350487740679079,0.8601901203979443,0.5382008782167259,0.7141672891936539
SOYO,-0.2921464250523836,0.7837205287419092,0.6554672195879327,0.724574271872564
SOYO,-0.3234390137945572,0.8171026557687205,0.4053940119173094,0.7226556584280966
SOYO,-0.0953781735586783,0.7473162383374021,0.4935815312302845,0.6412728478604761
SOYO,0.0629872101149162,0.9023704667184966,0.4921865627960586,0.7703715503586861
SOYO,-0.0565170751260523,0.8059414729199803,0.3221025912729978,0.7247244955676783
SOYO,-0.5833197582352021,0.841318796077261,0.4861355913110804,0.7912445200252716
SOYO,0.060291270516981,0.8042392020302732,0.5360803155112858,0.7957278153464211
SOYO,-0.3416305108544568,0.787221998321025,0.4643570420477225,0.8152523772388043
SOYO,-0.1900879220876832,0.7688970038292523,0.210884991420104,0.8212702093507972
SOYO,-0.6121150536661083,0.8315912237917067,0.4814804851597927,0.7810988809630587
VO,0.0462531608850854,-1.5752361556490262,-1.4346289725512746,-1.3946552236673286
VO,2.008901775304355,-1.4659523454064622,-1.467682043574194,-1.3532761146757832
VO,0.5233731298471179,-1.5281390551002392,-1.368901453470916,-1.3667367392412504
VO,1.528077394729093,-1.5731723014428198,-1.59286404185534,-1.479035563569781
VO,1.4189622534359418,-1.5269333913375374,-1.460183770965892,-1.422010594433486
VO,0.3403886145031721,-1.3607594777020249,-1.158200506442299,-1.1944825405067283
VO,1.12666458286671,-1.353807397268892,-1.205957992901595,-1.146636820399895
VO,1.0586723829614209,-1.388064204876125,-1.3236266116307611,-1.2194073359818074
VO,1.3742002670498497,-1.395040016497777,-1.2571146253761516,-1.232006203415652
VO,3.230543507305773,-1.351313509475137,-1.3352227984605214,-1.2145728925642123
VO,1.7387869891456955,-1.5134213141382629,-1.4622431384568093,-1.37075925796312
VO,3.752006445993698,-1.5107469032694618,-1.5727069967214165,-1.4139510327869769
VO,1.06489810329843,-1.4730138505799564,-1.3623318327180645,-1.3003199388125128
VO,1.3716922165374852,-1.316250989592663,-1.292683810666338,-1.1524202971046955
VO,0.8962706187698123,-1.400005573901347,-1.2496622039496486,-1.2812240768115344
VO,2.4928719465166767,-1.4154766653783926,-1.404389466236469,-1.325664901717803
VO,2.888798886143559,-1.4329491190931605,-1.2588373310140162,-1.3000928286288758
VO,3.8645493684434578,-1.4783213973385454,-1.5248085732063552,-1.4071388357281098
VO,0.734978877595419,-1.4396853836246366,-1.335514220037234,-1.2565097084271764
VO,0.5518996499483141,-1.3682728983234949,-1.1511552730212795,-1.1970330751288485
VO,1.2507067357498196,-1.3902897031229355,-1.1527701681837466,-1.3735938714605471
VO,1.607643348126282,-1.422885942281577,-0.9731025855651192,-1.3873372430508724
VO,1.6907358444434428,-1.3400660517730347,-0.9984459858200536,-1.3685984335829016
VO,2.040695955209623,-1.377863001668295,-1.1526565060868887,-1.38901236653683
VO,2.1244122524162163,-1.4447601978906814,-1.2537686668739472,-1.413437553824682
VO,-0.1450334919533729,-1.5952985569468885,-1.4951106754634529,-1.496591038244424
VO,0.0658514670398316,-1.558995177074764,-1.362040767251831,-1.4743424017092133
VO,1.4055846503368488,-1.4183038070576222,-1.2205908477381426,-1.394676968194012
VO,1.766742789617053,-1.4448362131508323,-1.1525954402759069,-1.3618457941760074
VO,1.6545925935522037,-1.4347810573421735,-1.196535272168473,-1.342990002249941
VO,1.0931872943287526,-1.362348469694489,-1.042457963475366,-1.3067604957135144
VO,1.6128288257320171,-1.348930631943909,-1.0798674770245085,-1.3200948767608292
VO,1.867170290757334,-1.4084810275075912,-1.2125248421415658,-1.3474060706054
VO,1.979011884650147,-1.4191307636312622,-1.054110793097104,-1.3369866674443442
VO,1.876939302543464,-1.3351426085239857,-1.088595768602607,-1.328210173654761
VO,2.16905375388366,-1.4298583382479184,-1.0782123776377448,-1.3880765279652676
VO,2.423989523589789,-1.4442759018389535,-1.3222606268380588,-1.3703954710760002
VO,2.3754177343266427,-1.399223930348045,-1.2782667750193872,-1.3837698366357194
VO,2.4386671976465424,-1.4370497806857887,-1.2072862096463004,-1.3938546476339249
VO,1.8816929651721723,-1.388119300889581,-1.2203039490645875,-1.3694333395166025
VO,1.4012026567434273,-1.3708161112345678,-1.2294824059510194,-1.303338865398385
VO,1.6728908787271572,-1.444713699879979,-1.1915658692511433,-1.3252033110995731
VO,2.135116201941766,-1.3887841865253028,-1.265271825279816,-1.3514048513905887
VO,2.048568623405993,-1.43992087741634,-1.15809922659744,-1.373743112092496
VO,2.259680078251371,-1.4647413524366866,-1.168101996548904,-1.3651533843180814
VO,-0.2472383810576083,-1.4228413759959333,-1.2235014887251567,-1.383043827470743
VO,0.6157418393851511,-1.1985977617675587,-0.7504402494300869,-1.0978690940086957
VO,0.1754030731572219,-1.1210864960973286,-0.5007385063717009,-1.0481107201595647
VO,0.1457009527196159,-0.988115480389958,-0.7301075416238875,-0.9959858400890924
VO,-0.0043370605431626,-1.2170042697127248,-0.8448888193594242,-1.0926386862824773
VO,2.3184189598458045,-1.458406919832523,-1.4200011140086597,-1.4298078557915332
VO,1.1088610657196385,-1.511211832658988,-1.31653544994747,-1.3971324703759993
VO,0.6470033408759724,-1.3775201760488334,-1.0930576479784022,-1.301337279182059
VO,0.4213086643288797,-1.42874594306946,-1.2676528365259685,-1.3232396064709493
VO,0.5177754691817714,-1.4943782678919135,-1.4208374946634863,-1.3789639075500588
VO,-0.3259465699604175,-1.571849216787583,-1.4039277623941733,-1.4526666735561549
VO,-0.1642505016171455,-1.604738560022224,-1.4000080349464885,-1.4738199142610977
VO,0.3016896369208247,-1.5816693168843894,-1.4111656015772829,-1.4817108515489492
VO,0.332098720969076,-1.5734154299059178,-1.4554563075652998,-1.4919449498020532
VO,0.7037059371689677,-1.5895051057974192,-1.4479709456946308,-1.4764388540061204
VO,-0.225759714835671,-1.573472723077562,-1.3964320461813478,-1.456753717024545
VO,-0.2117833778377836,-1.588337891487818,-1.3441415357177615,-1.4792261788565488
VO,-0.1949195793379841,-1.5671668395033258,-1.384758399656027,-1.4804331515217737
VO,-0.2013721825055007,-1.5712911736051394,-1.4215050093518555,-1.483017714093127
VO,-0.1526997561638585,-1.5968020354514054,-1.5065353221400848,-1.4602157745723183
VO,0.119068381223942,-1.5888230798045866,-1.5323881171340743,-1.4709796614513837
VO,-0.1188795250887423,-1.5618026706928458,-1.4464242703607466,-1.48827011747614
VO,-0.1800182778371624,-1.6224035172748446,-1.3319112696040574,-1.478002967545506
VO,-0.1789901109866814,-1.5444867611036963,-1.359327930732655,-1.4799061322263192
VO,-0.1742137817465975,-1.5053923263305833,-1.392050767522979,-1.4586977282032962
VO,0.2027873582415018,-1.490008186906186,-1.3318735927257142,-1.4478303697861694
VO,0.162597409378103,-1.5004368772608565,-1.4177067888377055,-1.4490862227566328
VO,0.1060759395431823,-1.5421350530693942,-1.2891965604788005,-1.470866695019739
VO,0.1573462927664585,-1.576371691157529,-1.424123687416209,-1.4934577958948694
VO,0.0804739248747488,-1.5654820399001417,-1.4551018679286911,-1.4869696261403715
VO,0.8778277425077868,-1.5142233025100302,-1.3302890758921255,-1.438527831013252
VO,0.444144370623384,-1.5590633955379327,-1.3400296206221705,-1.4625987542572283
VO,0.0280868949457463,-1.5385720281134874,-1.408191274076103,-1.474702588142641
VO,-0.1448911477949666,-1.5487425652832565,-1.3994563826686472,-1.4742552580014847
VO,-0.0809585946805342,-1.6055748840133948,-1.5068649118245376,-1.4709718977313118
VO,1.7914419683611065,-1.5385779741871874,-1.4207688557728024,-1.4716478133287836
VO,1.87043237679371,-1.5249849586816913,-1.3591806304138874,-1.4820889826277983
VO,1.98591491116734,-1.5578016661177794,-1.3880131476290314,-1.4713381845485771
VO,2.0131077520287595,-1.5111063620060885,-1.344408269297227,-1.4746955643657966
VO,2.2120681055259737,-1.5229950351826018,-1.3392112255327309,-1.4563682973545602
VO,1.7094910939028307,-1.5202179584306454,-1.2769882745696155,-1.44244839260871
VO,2.5397574169134844,-1.4907802097203358,-1.4137610371440874,-1.434240939926701
VO,1.9006136351047944,-1.519436159536793,-1.2940674092351685,-1.4654883337433398
VO,1.7429593590598824,-1.5372296800595362,-1.3000879332154869,-1.4598150818018594
VO,1.8808024249395767,-1.492630173870089,-1.4386179611522494,-1.4764334525584892
VO,1.36427929985175,-1.564119486847827,-1.3412197436831987,-1.4410393578367835
VO,1.878972672253821,-1.4945491237938204,-1.381339824660397,-1.437934256424679
VO,1.4259694007379735,-1.5236929282653384,-1.2951791284632863,-1.4607406942467225
VO,1.3934455027271364,-1.526212614655764,-1.3826237019350442,-1.4448673620685135
VO,1.5599956473840957,-1.5276894013232163,-1.2669137129015846,-1.4530864343931615
VO,1.406632241637737,-1.5295574440097863,-1.368513131886902,-1.468811315583283
VO,1.307234322819972,-1.4955490399457738,-1.4783300322655737,-1.4875072505913425
VO,1.7156650887052045,-1.5421863982327952,-1.260188886170699,-1.4754000666089775
VO,1.7723636124272677,-1.5468986501151518,-1.4017099934191617,-1.4587759847982955
VO,1.6847498532132343,-1.5450937580233812,-1.3110969176601903,-1.4586668667986762
VO,2.9785423104546647,-1.4399094118013422,-1.3498388313583858,-1.4446806606639928
VO,2.607142111742303,-1.5048352431553813,-1.2572230828882502,-1.4568858439220909
VO,2.520681703047579,-1.4759422857203215,-1.3568821889604044,-1.4486493168343415
VO,2.498389803304472,-1.5026625135878109,-1.268607123242619,-1.4586566775686152
VO,2.3816228503534944,-1.5133051815395775,-1.3762757679218096,-1.4601233495278632
VO,2.0218626756257274,-1.4897417035060487,-1.322350163344099,-1.4557134121759017
VO,1.8780765075876624,-1.5293799250041835,-1.3395065670759956,-1.4585297012964695
VO,1.899163974899386,-1.5258590936990435,-1.2404992295089785,-1.4583695154147889
VO,2.169594228248151,-1.5739039330934748,-1.281892397387477,-1.4813614000550597
VO,2.584919217916322,-1.5259851414934542,-1.3011490396682002,-1.46064174902161
VO,2.7083392797730914,-1.481453146778625,-1.3133098821999538,-1.444483973307184
VO,2.7944924164591862,-1.4637136470660417,-1.258434752804112,-1.4487175410901452
VO,2.306712293299442,-1.4743305809258709,-1.2447395931758047,-1.4456882116285974
VO,2.026159948137362,-1.4789684363262825,-1.177845081709589,-1.4591051338123364
VO,1.583948751717722,-1.5038376043097492,-1.295059060962194,-1.4544434643066162
VO,1.423289792036029,-1.4783390271665646,-1.129779485052491,-1.4088802222987715
VO,1.4976669152778792,-1.4617321782814734,-1.052487569260725,-1.4075061382948972
VO,1.990083677230985,-1.4271793385243738,-1.2469099620160644,-1.41542501932973
VO,2.599217378553705,-1.454977704654328,-1.2383442156265778,-1.422325221006923
VO,2.190310407987263,-1.451185997336132,-1.178402370590716,-1.4191800734342737
VO,0.1195714017142855,-1.4383801622747898,-0.998852901443343,-1.388939665069436
VO,-0.0033983315894808,-1.473748211479677,-1.1988075649254233,-1.3866511052757444
VO,0.1548193324634279,-1.4025091525129727,-1.1990355362841876,-1.4122440818471005
VO,0.1628889350041005,-1.4765556177927113,-1.1718498391965386,-1.4212991061247435
VO,0.1940197433732913,-1.4748562256875646,-1.1900959788035677,-1.4416773930933848
VO,0.7676302126861241,-1.4062731029322986,-0.9759060970878806,-1.389081105615624
VO,0.7015060885889165,-1.469445075592691,-1.0359408046028398,-1.4088285205067157
VO,0.3742218680732811,-1.4280177019305609,-1.1673894318989289,-1.417298896766648
VO,0.1929269397029764,-1.4623209158573798,-1.0902692441763533,-1.4155299719180086
VO,0.2870166470122375,-1.4688362250896605,-1.260721414590939,-1.4459735719882902
VO,0.0117833630643752,-1.6097262281999716,-1.4618545195846766,-1.5168983523137882
VO,-0.0854253756206582,-1.5736439844333274,-1.3943548008582285,-1.5099401503383334
VO,-0.1709128577233728,-1.5920237827680424,-1.3912019386016203,-1.5145447124659486
VO,-0.1078460202072794,-1.5594330381892163,-1.3666042762249782,-1.4973511146423382
VO,-0.1878683566088488,-1.5738244706436069,-1.3553355138917995,-1.5137933056849229
VO,0.6571657844337844,-1.3779852743514682,-0.7438450527677439,-1.3318823597046312
VO,0.3158002964380513,-1.4430632815153013,-0.9521271294786342,-1.372741893208701
VO,0.3553992183611619,-1.4559220448850994,-1.1325692024711125,-1.4301057199828555
VO,0.2253118646338591,-1.5468135603001438,-1.3528942785253149,-1.4727736634765
VO,0.5763103239810198,-1.5730877218168964,-1.370104049283842,-1.4797896355533178
VO,2.066396809983804,-1.5294183016346508,-1.3863354413267177,-1.4667522476425674
VO,2.994195570121477,-1.533264789658365,-1.2109239532274376,-1.4760655316541758
VO,3.809200648630173,-1.4684160304470388,-1.344292019727228,-1.445052626134936
VO,3.621773239602506,-1.4961398499837473,-1.2273215561334971,-1.452005236203032
VO,3.3962759841401,-1.511689809507046,-1.3295031143840783,-1.4451070784412228
VO,3.2708057477117403,-1.4876939987278346,-1.3136604210125984,-1.4579354165468523
VO,3.4542375132416847,-1.4516280417599374,-1.2946458020747744,-1.4636863048711817
VO,3.3764066669690744,-1.529600981028486,-1.3567896359742255,-1.45575434179523
VO,3.677876643362467,-1.5605393073738658,-1.2342360214119876,-1.4476839839511404
VO,3.5268600194089026,-1.4618345182390995,-1.2595944016245593,-1.449882739899772
VO,2.705135412248743,-1.5379265908298925,-1.403452585118813,-1.4506996243688417
VO,2.862321123921329,-1.4806343317267614,-1.35176470211552,-1.4792749682703743
VO,2.2835230371682678,-1.573965316103095,-1.394492314563273,-1.4725164712164978
VO,1.8935342169916451,-1.5433197524477178,-1.3729643958428948,-1.4698925246563228
VO,0.7367780168673853,-1.4051468651642067,-1.0728981290346755,-1.386123536106412
VO,1.1777337360946278,-1.3451590741471913,-0.9908632132735083,-1.3614983729901922
VO,0.643362772943216,-1.3340808909106006,-0.9446893636018454,-1.339766867948041
VO,0.4622340814131776,-1.3676221779825637,-0.8383680063031141,-1.3501319202696385
VO,-0.0320810319080304,-1.435587858103075,-1.1296724166359866,-1.4094911305107838
VO,0.7023932876980775,-1.4779981165872018,-1.1831573548910372,-1.4313731178795546
VO,1.1564105909845923,-1.4348012780718595,-1.0359647443105262,-1.443306369798809
VO,2.3882495135900736,-1.4503982567586848,-1.2850139511192145,-1.4408916389255024
VO,2.6870312845944744,-1.4495572718902887,-1.0311730806499475,-1.4081399606266944
VO,1.8212339666160835,-1.4753820285094357,-1.1414427326980383,-1.4055895101271476
VO,0.5246127841343671,-1.4859005214193524,-1.1596457339052055,-1.4285452326297108
VO,2.438705217089065,-1.429397853306778,-1.2392327976870825,-1.4342199073391328
VO,4.408006663816217,-1.499409315390287,-1.272616700526139,-1.4616704838275103
VO,5.9157396784281575,-1.4145087643569607,-1.2663021776672,-1.4356531209770618
VO,4.916237577389576,-1.4541600639586998,-1.2277425209516215,-1.4488405235308823
VO,4.577592021596313,-1.4668445390921572,-1.2625335076006154,-1.431857834966925
VO,2.693808400786721,-1.4443015830421524,-1.1171750913218592,-1.400404285274992
VO,1.9588209144198152,-1.4068084052939591,-1.1681530623851817,-1.398462313298006
VO,0.7988909746503202,-1.4172505928409118,-1.0713856036320504,-1.381855874860236
VO,2.873401354545728,-1.4619208702465245,-0.9900797737056792,-1.4014599616291172
VO,2.4552183950081936,-1.3776393769817512,-1.0207839306545192,-1.3813142003094163
VO,0.7543436523618231,-1.5142392178887047,-1.3777600390434126,-1.455335084865178
VO,0.0135765248158683,-1.515698237063549,-1.2122453853348631,-1.4394892922059286
VO,0.0501829990508421,-1.5613127111549752,-1.2946232485755635,-1.5098186857426
VO,2.4675114273729157,-1.4638654432946625,-1.191500921472621,-1.4469816928860062
VO,1.1245346346259977,-1.5202513947900222,-1.4244138115907294,-1.4902837203170107
VO,-0.2231904701936833,-1.4739077998915566,-1.4829336082562257,-1.34324585242884
VO,-0.1154636732857803,-1.4152314670370474,-1.4329810724030156,-1.3446355050452037
VO,-0.1714906812085581,-1.3916507879189517,-1.4989274663865344,-1.3465153755492696
VO,-0.006487047079376,-1.4408538386209924,-1.489445173054306,-1.3391955309033186
VO,0.1024740008142022,-1.396302699971291,-1.459040830597053,-1.3410370856301197
VO,0.077605846299775,-1.427989979553003,-1.30573592029137,-1.3295608984759837
VO,-0.1625073896685182,-1.4304031226055065,-1.4900215952998923,-1.3618378117591232
VO,-0.3330742205768155,-1.5091189398587703,-1.4715199410038595,-1.3842752089566497
VO,-0.2450587231730008,-1.509577018267444,-1.4752659382419944,-1.3898875584584545
VO,-0.3477025859150561,-1.5268787982388043,-1.5236825340508742,-1.4319928262943007
VO,-0.3767546254789736,-1.5188919129677425,-1.48054694862679,-1.392455180660984
VO,-0.2699647612660105,-1.4586101916146132,-1.5316202699143449,-1.3799714377065089
VO,-0.262081098030552,-1.477611750435197,-1.382486680032308,-1.3844427359062583
VO,-0.3345501239615231,-1.4582338186190815,-1.4575775706710796,-1.3858999553476312
VO,-0.3647890708438204,-1.5216903796811472,-1.5094599153007393,-1.3890731837091526
VO,0.1552786530493545,-1.3784373033465505,-1.3578657387702684,-1.2897148034821613
VO,0.0727594257205372,-1.3641143893899317,-1.5002394345335297,-1.2345017948988934
VO,0.2355776039818324,-1.253035907127489,-1.4810601745423262,-1.216514435464697
VO,0.2065397199356979,-1.2557844943916452,-1.445567731438416,-1.2095832801218356
VO,0.1813392539100916,-1.303360325709261,-1.4514778778667965,-1.2311039126225949
