Feature 1,Feature 2,Oil_Type
22.305346,-1.8623841,SO
22.80246,-2.6296124,SO
25.152073,-2.7745762,SO
25.506893,-2.7884972,SO
25.779991,-3.3456066,SO
25.587645,-3.1281538,SO
26.41466,-3.4987547,SO
21.348022,0.062213834,SO
25.46591,-3.5083451,SO
25.900187,-2.8944724,SO
21.26257,0.29766008,SO
21.284325,0.23073776,SO
21.271515,0.24246657,SO
21.320484,0.1793462,SO
21.27673,0.19273421,SO
21.336996,0.091805466,SO
21.347937,0.062216792,SO
21.448673,-0.098803826,SO
21.751646,-0.64250463,SO
21.902388,-0.81733024,SO
21.121132,-2.188305,SO
27.207989,-4.2472,SO
21.153666,-2.2517216,SO
27.073011,-4.2963696,SO
21.29187,-2.3553615,SO
27.013292,-4.3543077,SO
20.7982,-2.7569509,SO
27.199364,-4.587908,SO
21.154568,-2.4634807,SO
27.243937,-5.024555,SO
21.582882,-2.3014274,SO
27.033426,-4.7850375,SO
21.460035,-2.3215725,SO
27.139952,-5.0915275,SO
21.816788,-2.2581947,SO
27.34493,-4.8836656,SO
21.745132,-2.261676,SO
26.802053,-5.118691,SO
21.647823,-2.2911024,SO
27.626925,-5.235324,SO
24.490494,-4.503919,SO
26.94817,-6.3501816,SO
25.672117,-5.934481,SO
26.860394,-6.525778,SO
26.263655,-5.2638106,SO
27.157675,-6.5396886,SO
25.138609,-5.559784,SO
26.762346,-7.371609,SO
26.037546,-5.87166,SO
27.315445,-6.8941016,SO
26.279228,-6.4358377,SO
26.610624,-6.1511903,SO
25.66844,-6.3960276,SO
25.9148,-5.928443,SO
25.654549,-6.9201674,SO
25.792624,-5.1042957,SO
26.147367,-6.045008,SO
26.48921,-6.0976796,SO
26.14283,-5.3626184,SO
26.434826,-6.5239525,SO
25.344109,-4.844819,SO
26.120932,-6.759309,SO
25.518282,-6.329156,SO
25.080631,-6.2136817,SO
25.102707,-6.909828,SO
24.874895,-5.8766284,SO
25.446648,-5.9551005,SO
25.58128,-7.2798057,SO
24.775806,-5.071043,SO
25.466629,-6.6693187,SO
25.482277,-5.3484306,SO
24.70806,-7.204238,SO
24.90875,-5.585021,SO
25.091455,-4.5484576,SO
25.701395,-6.6600175,SO
26.25277,-7.4962893,SO
25.929892,-6.688947,SO
25.667015,-6.45451,SO
25.857454,-6.765032,SO
26.341164,-7.8801804,SO
18.389244,-2.7944727,SO
24.12609,-5.8678904,SO
18.789566,-2.654055,SO
23.878485,-7.012345,SO
18.786657,-2.6876347,SO
24.05659,-5.934895,SO
18.6942,-2.9332836,SO
23.775656,-5.9811726,SO
18.514254,-2.7372515,SO
23.239264,-5.424513,SO
18.871254,-3.1471097,SO
23.243797,-6.03479,SO
18.620256,-2.9296396,SO
23.807774,-5.551086,SO
19.07831,-3.1903882,SO
23.612144,-5.8363223,SO
18.935274,-3.0756302,SO
24.01407,-7.1729264,SO
19.315117,-3.1697564,SO
23.67027,-6.209407,SO
19.356573,-3.5051346,SO
24.47349,-6.0587215,SO
19.786892,-3.3277407,SO
23.902206,-7.436328,SO
18.71285,-5.054303,SO
23.789143,-6.532342,SO
19.61665,-4.006254,SO
22.776978,-7.8443384,SO
19.055365,-4.3043747,SO
24.184774,-7.649117,SO
20.214314,-3.8174877,SO
24.615208,-7.137382,SO
19.365976,-4.3796353,SO
23.484337,-7.313736,SO
20.032862,-3.9975493,SO
24.480295,-7.169161,SO
19.33604,-4.799437,SO
23.643015,-5.352099,SO
20.818327,-3.9786673,SO
23.460363,-6.888444,SO
20.381657,-4.4526553,SO
22.81512,-6.368985,SO
20.155579,-4.1594243,SO
22.441895,-6.4597435,SO
19.966242,-3.4486892,SO
23.045904,-6.321925,SO
19.926256,-4.0321493,SO
22.572931,-6.102774,SO
20.498745,-4.071178,SO
24.019325,-6.516882,SO
20.214853,-4.111268,SO
23.300589,-6.2859244,SO
20.415297,-4.039465,SO
22.417038,-6.9788423,SO
19.32555,-4.8458934,SO
22.583946,-5.683072,SO
20.069395,-4.15472,SO
23.945265,-6.9121428,SO
19.616526,-4.317984,SO
23.548002,-6.5278554,SO
16.986498,-2.7391093,SO
16.5063,-2.0260034,SO
17.22773,-2.50557,SO
17.379236,-2.9430585,SO
17.037209,-2.6431696,SO
15.830615,-3.16319,SO
16.672125,-2.7364209,SO
17.552973,-3.3813155,SO
16.792976,-2.6050308,SO
15.902056,-3.1476982,SO
16.713682,-2.6616678,SO
15.871545,-3.155917,SO
17.485695,-2.4604483,SO
15.688303,-3.1828465,SO
17.277056,-2.5614138,SO
16.697674,-3.0168238,SO
17.191202,-2.4860163,SO
17.069696,-3.0856485,SO
17.060282,-2.7921896,SO
16.488525,-3.32036,SO
24.568533,-9.10631,SO
24.475826,-9.03799,SO
23.198729,-9.064549,SO
23.803465,-9.144937,SO
23.320887,-9.659453,SO
24.457916,-8.234802,SO
23.07815,-8.992461,SO
25.211119,-9.301291,SO
25.172075,-9.583487,SO
24.081085,-9.199384,SO
24.689228,-9.6984215,SO
24.818338,-9.396148,SO
25.83784,-9.181771,SO
24.766779,-9.311985,SO
23.617008,-9.456532,SO
23.5722,-8.809683,SO
24.339552,-10.015272,SO
25.594175,-10.218378,SO
23.912584,-10.315264,SO
24.393381,-9.963905,SO
19.611298,-4.228131,SO
24.840727,-10.185845,SO
18.605242,-4.1470404,SO
24.55117,-9.381119,SO
19.4678,-4.1099043,SO
25.078865,-10.423144,SO
19.846014,-4.3927364,SO
25.2679,-9.896614,SO
20.152653,-5.4773355,SO
23.949198,-10.142243,SO
18.945934,-3.7919033,SO
25.01012,-9.895715,SO
18.651217,-3.8882058,SO
23.960445,-9.630505,SO
18.740309,-4.2723026,SO
24.343063,-9.677324,SO
18.398594,-3.4670918,SO
23.763514,-9.42346,SO
18.560076,-3.3145869,SO
23.3647,-9.543666,SO
-22.826889,-5.2090483,PO
-22.89942,-4.92779,PO
-22.807846,-5.030206,PO
-22.837276,-5.026525,PO
-22.941793,-4.924836,PO
-22.898884,-4.949714,PO
-22.984093,-4.956493,PO
-22.93714,-4.935973,PO
-22.894632,-5.0498967,PO
-22.73778,-5.118856,PO
-22.202509,-5.3945293,PO
-22.187117,-5.411356,PO
-22.288704,-5.3537045,PO
-22.296038,-5.302425,PO
-22.348959,-5.3348317,PO
-22.26942,-5.2469325,PO
-22.273182,-5.3415523,PO
-22.268476,-5.3257113,PO
-22.337482,-5.2174263,PO
-22.23654,-5.4063015,PO
0.63964343,-22.390383,PO
2.2156603,-27.231075,PO
1.6828142,-24.820108,PO
0.99407214,-25.75612,PO
1.0519464,-23.367912,PO
0.6107674,-27.559893,PO
1.8099787,-25.222939,PO
1.9948723,-25.762335,PO
1.0351392,-23.938717,PO
2.03761,-25.841038,PO
1.5067725,-26.35863,PO
-0.042181734,-23.781012,PO
2.4363725,-24.83831,PO
0.7699985,-26.639547,PO
1.9010103,-24.760477,PO
1.5138743,-22.278913,PO
-1.2780737,-22.115114,PO
0.7089478,-23.520487,PO
-0.1563698,-21.65666,PO
-0.022871058,-23.583258,PO
2.8587472,-26.94373,PO
3.122761,-24.93272,PO
1.3477077,-26.811039,PO
-0.35254484,-22.932978,PO
2.4091687,-26.400015,PO
3.3298368,-27.484047,PO
0.14892271,-22.90629,PO
-1.4643321,-22.869953,PO
2.7801988,-26.417446,PO
1.6715745,-26.048164,PO
2.1993902,-28.104254,PO
3.0660903,-25.58722,PO
-0.6692472,-22.558676,PO
0.2479659,-28.563944,PO
1.9375123,-23.274601,PO
3.3278077,-26.385796,PO
1.6377333,-28.028952,PO
1.1956034,-24.534761,PO
0.4956218,-24.100954,PO
2.7380393,-24.862343,PO
2.8264365,-23.99167,PO
2.5283778,-25.970163,PO
1.1073536,-22.87409,PO
3.5807304,-25.511179,PO
2.4895914,-27.474604,PO
1.76171,-24.141006,PO
1.9685078,-26.922993,PO
1.081036,-27.566177,PO
0.89836955,-24.073381,PO
-0.77367514,-23.857737,PO
-0.18029493,-27.987808,PO
-0.9874603,-23.452972,PO
1.1503191,-25.218052,PO
0.23489568,-26.347992,PO
-0.28778726,-24.551014,PO
2.1200988,-23.137897,PO
0.031957854,-23.940357,PO
0.7019236,-24.595291,PO
-1.2800937,-23.405731,PO
-0.80229425,-23.809757,PO
-29.549452,-6.2325134,PO
-29.160355,-5.915462,PO
-29.3128,-5.958893,PO
-29.056458,-5.7502165,PO
-29.10899,-6.013056,PO
-29.564972,-5.9035697,PO
-29.349573,-5.6716123,PO
-29.016113,-5.8975887,PO
-29.08841,-5.736341,PO
-29.165663,-5.6453032,PO
-28.732605,-6.587797,PO
-28.261404,-5.8400426,PO
-29.351072,-6.289143,PO
-28.840017,-6.044436,PO
-28.990675,-6.12946,PO
-29.346342,-6.3635116,PO
-29.005241,-6.2969737,PO
-29.03743,-5.6819377,PO
-29.067259,-5.813644,PO
-29.151794,-6.035464,PO
-0.4980589,-26.619768,PO
-0.8516344,-26.309895,PO
-0.46819788,-25.151169,PO
-0.33162022,-25.54307,PO
-1.2281824,-25.283066,PO
-1.6151147,-24.65568,PO
-1.3369502,-26.900013,PO
-1.4786558,-24.302048,PO
-0.8948985,-24.534943,PO
-0.9021108,-25.18119,PO
-0.81540525,-26.242775,PO
-1.1553031,-24.53884,PO
-1.342325,-24.707228,PO
-1.2023818,-25.052309,PO
-1.1351283,-24.800814,PO
-0.8604662,-24.61426,PO
-0.7919496,-27.02044,PO
-1.7137233,-24.354017,PO
-1.1209303,-25.332655,PO
-1.1133608,-25.65804,PO
-2.2256434,-28.384758,PO
-2.2900617,-26.820282,PO
-1.4140546,-26.240408,PO
-2.6213198,-27.234455,PO
-1.5311297,-25.613775,PO
-2.0848563,-27.06439,PO
-1.5556798,-27.228668,PO
-2.2987313,-26.218485,PO
-1.9531865,-25.069998,PO
-1.8188275,-26.574642,PO
-0.85849655,-27.288656,PO
-1.8202449,-25.998808,PO
-2.3630948,-25.762915,PO
-2.1700172,-25.544899,PO
-2.0256379,-25.149275,PO
-1.8357048,-26.490189,PO
-2.0310283,-24.30524,PO
-2.1222372,-26.080215,PO
-2.0601728,-25.55153,PO
-2.2347417,-25.393738,PO
-0.14971675,-29.044876,PO
-3.0129204,-28.59671,PO
-4.336657,-27.107893,PO
-4.4096107,-24.7344,PO
-1.1396295,-27.449656,PO
-4.458937,-24.368534,PO
-3.899417,-26.261179,PO
-3.4040794,-23.368017,PO
-2.9506705,-25.269613,PO
-3.2307723,-25.377562,PO
-4.646569,-26.59427,PO
-2.691091,-26.577072,PO
-3.1096575,-24.3946,PO
-2.70139,-24.989681,PO
-2.1060007,-27.527683,PO
-3.699038,-26.57309,PO
-3.5701926,-27.554453,PO
-2.552173,-27.289238,PO
-4.436866,-25.095285,PO
-2.6533802,-24.204548,PO
-1.5340021,-28.827135,PO
-4.8411026,-26.027239,PO
-2.5591917,-25.82224,PO
-3.3652234,-24.419708,PO
-2.9114008,-24.087881,PO
-3.3234854,-26.307047,PO
-3.6035492,-25.697102,PO
-3.1580315,-26.582294,PO
-3.2803066,-25.644249,PO
-3.3248713,-26.669329,PO
-2.7648895,-27.319614,PO
-1.8839033,-25.727057,PO
-3.7292743,-24.374538,PO
-2.9092946,-25.551733,PO
-2.9652045,-27.911142,PO
-1.7094481,-28.078674,PO
-3.549167,-25.011765,PO
-2.5703633,-25.08944,PO
-2.2407124,-25.785877,PO
-3.1241236,-25.0179,PO
2.566504,-23.45597,PO
0.07347535,-27.215021,PO
0.71578723,-26.420362,PO
0.911061,-25.732635,PO
0.072853565,-26.29735,PO
1.1380253,-25.023748,PO
0.4475602,-24.720545,PO
0.56542826,-25.856874,PO
-0.3915424,-25.148623,PO
1.0987511,-26.04619,PO
0.31771165,-27.131134,PO
0.21111822,-25.797611,PO
0.18284681,-24.62295,PO
-1.2133946,-24.749466,PO
0.34857425,-23.811804,PO
-2.539887,-22.342722,PO
0.3728806,-25.47915,PO
-0.123445764,-25.598114,PO
-0.34202072,-25.275223,PO
0.30878106,-25.296377,PO
-3.0863528,6.753989,GNO
-2.1037016,6.0763493,GNO
-2.3390274,5.2349253,GNO
-3.1640851,6.2182956,GNO
-3.2146122,4.8485384,GNO
-2.220499,5.6626263,GNO
-2.7374365,5.9154935,GNO
-4.2509933,4.6832495,GNO
-3.2015896,5.478822,GNO
-2.9339113,5.239956,GNO
-3.2777956,5.105529,GNO
-2.9660158,5.5478945,GNO
-3.11644,5.576831,GNO
-2.7255478,5.3757563,GNO
-2.7289379,5.6528244,GNO
-2.561139,5.1773095,GNO
-2.6192167,5.663106,GNO
-2.9224393,5.265966,GNO
-2.7249851,5.3698325,GNO
-2.0821292,5.3229103,GNO
-2.9934926,4.429516,GNO
-3.2891698,4.903264,GNO
-2.4027715,5.0393176,GNO
-3.4988263,4.8602023,GNO
1.3117869,7.2377825,GNO
1.2411213,7.442213,GNO
1.7950244,8.049095,GNO
1.6149668,7.74684,GNO
1.5907801,7.487568,GNO
1.502822,7.245901,GNO
1.7213955,7.917839,GNO
1.4302387,7.579293,GNO
1.5072044,7.702863,GNO
1.3866582,7.5792804,GNO
1.3736422,7.212275,GNO
1.308451,7.647985,GNO
1.4773926,7.7992487,GNO
1.4379439,7.5913277,GNO
1.4659499,7.6707172,GNO
1.5733771,7.7443604,GNO
-3.8741663,5.413606,GNO
-2.6813776,4.1398025,GNO
-3.5594666,6.19224,GNO
-4.5907164,5.1762195,GNO
-3.6606154,5.7192593,GNO
-2.701118,4.040247,GNO
-3.6813543,6.3824935,GNO
-3.413302,6.892839,GNO
-5.0334177,6.206226,GNO
-4.924704,6.5426087,GNO
-1.6497941,5.299803,GNO
-1.626335,8.824148,GNO
-1.6308888,7.2512784,GNO
-1.7381936,7.9814568,GNO
-0.90977037,6.455897,GNO
-1.6536881,6.7560816,GNO
-0.7818906,7.0750575,GNO
-1.359781,7.7218986,GNO
-1.456076,7.509062,GNO
-1.2054898,7.5625334,GNO
-5.440106,11.183641,GNO
-5.7443843,10.399178,GNO
-4.743661,13.224573,GNO
-6.1992607,12.878435,GNO
-5.7833977,11.33342,GNO
-6.2760043,13.807781,GNO
-5.607788,11.932784,GNO
-6.174524,11.250266,GNO
-5.3502054,11.183923,GNO
-7.084183,10.3177595,GNO
-4.839781,13.388327,GNO
-6.2682014,10.683727,GNO
-6.2391524,11.573895,GNO
-4.7195854,11.163352,GNO
-5.33333,13.85989,GNO
-5.7627015,13.354465,GNO
-5.509726,11.152586,GNO
-6.5248585,12.404654,GNO
-6.7707367,14.043157,GNO
-5.660147,14.816082,GNO
-4.583641,14.955202,GNO
-6.4394474,11.072536,GNO
-6.3651805,12.868413,GNO
-7.6144414,12.654448,GNO
-6.235256,12.206984,GNO
-5.7770796,13.8673725,GNO
-7.6489673,13.665957,GNO
-6.6340427,12.951341,GNO
-5.8751354,12.018827,GNO
-7.2194033,11.39936,GNO
-6.909819,11.377789,GNO
-7.2350883,12.561314,GNO
-6.9383116,11.898479,GNO
-2.8032002,13.34388,GNO
-4.005351,12.098886,GNO
-3.37947,12.733666,GNO
-4.3741794,11.96637,GNO
-4.6225386,11.993745,GNO
-3.8953006,12.1966715,GNO
-2.1276877,13.693929,GNO
-6.277653,12.55656,GNO
-8.020407,11.471535,GNO
-4.460669,14.115162,GNO
-5.409362,12.186373,GNO
-5.3633866,12.726346,GNO
-5.041302,13.695666,GNO
-5.958411,12.174091,GNO
-5.232636,12.475058,GNO
-4.9789233,12.406701,GNO
-5.1749344,12.676242,GNO
-5.0019064,13.957418,GNO
-5.1445312,11.60658,GNO
-5.286876,12.837422,GNO
-4.144601,13.335375,GNO
-5.4941435,11.358175,GNO
-5.4963984,12.884219,GNO
-4.9337425,12.864055,GNO
-4.0500774,13.276773,GNO
-4.76766,12.452466,GNO
-3.7158282,12.617318,GNO
-4.063585,12.0866785,GNO
-3.485783,12.900175,GNO
-2.2932928,12.635041,GNO
-1.1854662,11.8052,GNO
-2.4334424,11.916456,GNO
-2.274743,11.904289,GNO
-2.508114,12.452,GNO
-2.5375233,11.958251,GNO
-2.705006,11.961053,GNO
-2.7150793,12.088644,GNO
-1.93207,11.908599,GNO
-2.649875,12.442057,GNO
-1.2133598,12.566527,GNO
-2.691509,12.013744,GNO
-2.5151894,12.347067,GNO
-2.6350298,11.9961815,GNO
-1.6899974,11.275465,GNO
-1.7817981,12.27573,GNO
-1.8289295,12.581692,GNO
-2.6540196,12.129928,GNO
-5.5566025,10.716632,GNO
-4.5910797,10.372499,GNO
-7.544903,10.544259,GNO
-2.4735165,10.987098,GNO
-1.9674898,13.796288,GNO
-3.583895,12.032528,GNO
-3.3919148,10.666508,GNO
-3.6073534,11.664358,GNO
-3.5579224,11.181296,GNO
-3.1047802,11.103713,GNO
-3.7322786,11.625031,GNO
-2.9372668,10.591763,GNO
-3.5857418,11.316361,GNO
-2.9289503,11.518114,GNO
-3.0361042,10.907969,GNO
-3.3580694,11.260983,GNO
-3.418385,10.904478,GNO
-3.4814417,11.09814,GNO
-3.357769,14.71237,GNO
-3.9584506,11.036929,GNO
-5.5160866,9.292767,GNO
-6.7701783,8.5450945,GNO
-6.5650134,9.25286,GNO
-5.7709246,8.287217,GNO
-5.3668633,9.183983,GNO
-6.416324,8.45176,GNO
-6.010825,8.582689,GNO
-5.2594185,8.409884,GNO
-4.0857053,8.79108,GNO
-4.5140643,8.488439,GNO
-4.52296,8.492234,GNO
-4.025287,9.521408,GNO
-5.085811,7.7259507,GNO
-6.367641,8.154322,GNO
-4.750693,8.95562,GNO
-5.5647554,8.211032,GNO
-4.6958466,8.028079,GNO
-4.4012914,8.461447,GNO
-4.725534,8.264309,GNO
-5.2894664,7.9984026,GNO
-1.3094254,9.5793295,GNO
-1.0120382,8.452021,GNO
-0.46518767,7.930261,GNO
-1.8967535,8.124255,GNO
-1.5713925,8.117843,GNO
-1.3351636,7.6813006,GNO
-0.8524863,7.5166173,GNO
-2.3200984,7.7391763,GNO
-1.6146516,7.5970078,GNO
-2.601999,7.186706,GNO
-2.7146957,7.637812,GNO
-1.6058004,7.383333,GNO
-2.19201,8.109909,GNO
-2.3550496,8.473261,GNO
-3.9657352,7.249873,GNO
-3.7117355,7.679365,GNO
-4.5777593,7.2945795,GNO
-4.2255774,7.105492,GNO
-4.372139,6.1750097,GNO
-3.2445421,7.5949435,GNO
20.055246,20.737894,SOYO
20.552528,22.55565,SOYO
21.45504,22.584839,SOYO
19.18433,21.518232,SOYO
19.988401,21.685692,SOYO
20.282883,21.237066,SOYO
20.77709,22.477444,SOYO
20.164532,21.658382,SOYO
20.337816,23.392673,SOYO
20.704,23.306362,SOYO
21.123901,21.134403,SOYO
19.44656,21.43886,SOYO
20.952248,23.463867,SOYO
20.19662,22.956726,SOYO
20.638714,21.987358,SOYO
20.074148,21.7405,SOYO
20.764814,21.973995,SOYO
21.054531,23.524397,SOYO
20.291746,23.36886,SOYO
19.273214,21.433424,SOYO
17.185314,23.525547,SOYO
18.792841,21.222254,SOYO
13.472288,17.504265,SOYO
19.841818,23.374249,SOYO
17.93252,24.735826,SOYO
19.243551,23.483393,SOYO
19.927729,22.499756,SOYO
19.456732,23.247435,SOYO
18.446972,24.00509,SOYO
19.374496,23.098862,SOYO
18.68187,23.07278,SOYO
19.100245,22.034113,SOYO
18.443632,22.803667,SOYO
19.369755,22.718529,SOYO
19.67296,22.492409,SOYO
19.417528,20.89726,SOYO
17.869741,24.429811,SOYO
18.410053,22.184216,SOYO
19.358793,22.873913,SOYO
19.522642,22.82142,SOYO
20.114328,26.264666,SOYO
19.596092,26.26361,SOYO
19.068048,25.477474,SOYO
19.845291,25.255213,SOYO
18.924791,25.669662,SOYO
19.941011,24.42822,SOYO
18.829847,23.957972,SOYO
19.58273,25.299469,SOYO
19.581696,25.559477,SOYO
20.012058,25.735704,SOYO
18.523182,24.49509,SOYO
19.271568,24.151262,SOYO
20.034601,25.407198,SOYO
20.268875,25.293211,SOYO
19.78471,25.715666,SOYO
19.239792,22.271397,SOYO
19.217161,23.87839,SOYO
20.066141,25.466446,SOYO
19.85672,25.23794,SOYO
19.682085,25.009829,SOYO
17.015564,23.598385,SOYO
18.30143,21.944687,SOYO
17.82045,22.282177,SOYO
19.006012,22.511383,SOYO
18.765562,22.249676,SOYO
17.616955,22.932352,SOYO
18.160282,23.36004,SOYO
17.808996,22.42225,SOYO
18.822798,23.172258,SOYO
19.660116,22.26993,SOYO
17.760893,22.451859,SOYO
18.164005,22.713736,SOYO
19.2645,22.555132,SOYO
18.326385,23.322294,SOYO
18.53974,22.248648,SOYO
17.788544,23.989723,SOYO
19.443205,22.991087,SOYO
17.853762,23.843191,SOYO
18.256546,23.163652,SOYO
18.429995,22.239117,SOYO
16.280699,21.606092,SOYO
17.521204,20.667458,SOYO
16.657711,21.991894,SOYO
16.595646,21.75216,SOYO
14.935997,23.366455,SOYO
17.325092,20.521507,SOYO
14.44992,21.84713,SOYO
17.225523,21.355307,SOYO
16.716564,20.985012,SOYO
16.450325,22.026442,SOYO
15.433254,22.669712,SOYO
15.708657,21.554457,SOYO
16.49711,20.682333,SOYO
16.404476,21.585796,SOYO
16.25932,21.837782,SOYO
14.559672,21.035898,SOYO
16.261818,21.121157,SOYO
16.922495,21.386564,SOYO
15.967012,21.535707,SOYO
16.487146,21.479803,SOYO
15.331669,22.18785,SOYO
16.596119,20.463724,SOYO
15.610583,21.245764,SOYO
15.197705,21.105442,SOYO
15.870035,22.029673,SOYO
16.140776,22.236298,SOYO
15.958999,20.867846,SOYO
15.997466,20.790737,SOYO
15.9140415,21.164139,SOYO
16.017324,20.275898,SOYO
15.855172,22.03505,SOYO
16.206034,20.536022,SOYO
15.544106,21.78611,SOYO
16.129627,20.82847,SOYO
14.859478,21.852907,SOYO
16.455471,21.882097,SOYO
15.321966,21.07259,SOYO
16.182695,21.153461,SOYO
15.404282,21.32398,SOYO
15.867737,21.316475,SOYO
7.841781,28.942253,SOYO
7.8993635,29.031286,SOYO
7.874927,28.82497,SOYO
7.9696026,28.775091,SOYO
8.009666,28.781998,SOYO
7.890809,28.76108,SOYO
8.192156,28.98657,SOYO
8.154577,28.806396,SOYO
8.219656,28.681187,SOYO
7.98848,28.415848,SOYO
8.386808,28.760597,SOYO
8.198507,28.343626,SOYO
8.194058,28.355549,SOYO
8.565975,28.508144,SOYO
8.61947,28.744974,SOYO
8.191862,28.116716,SOYO
8.46493,28.30714,SOYO
8.354562,28.191547,SOYO
8.620058,28.188892,SOYO
8.299737,27.832922,SOYO
9.01069,28.369518,SOYO
9.190153,28.348389,SOYO
8.897478,27.81493,SOYO
9.029996,28.040337,SOYO
9.05632,27.978022,SOYO
8.841905,27.65992,SOYO
8.612409,27.253286,SOYO
9.09064,27.854725,SOYO
9.179178,28.123991,SOYO
9.342555,27.737038,SOYO
9.058065,27.399128,SOYO
9.243897,27.655842,SOYO
9.126642,27.590458,SOYO
9.470207,27.914482,SOYO
9.44628,27.816828,SOYO
9.394702,27.532038,SOYO
9.377563,27.461119,SOYO
9.490971,27.562914,SOYO
9.788063,27.44345,SOYO
9.353667,27.288603,SOYO
16.607134,24.606133,SOYO
15.998544,24.506523,SOYO
16.5004,24.909296,SOYO
16.291021,24.63596,SOYO
15.6310005,23.529629,SOYO
15.344613,19.754772,SOYO
14.678486,19.4543,SOYO
15.801346,19.238483,SOYO
15.233685,18.574902,SOYO
15.439419,19.686419,SOYO
14.978834,19.136482,SOYO
14.220834,20.02236,SOYO
15.162973,19.358913,SOYO
15.374359,19.308565,SOYO
15.290254,18.668087,SOYO
15.283569,18.595346,SOYO
15.380356,18.624996,SOYO
15.60788,19.140877,SOYO
15.136421,18.716116,SOYO
15.070912,18.807953,SOYO
13.868406,18.259468,SOYO
15.371112,17.472982,SOYO
16.21692,17.666742,SOYO
15.206221,16.252682,SOYO
15.3850565,17.378855,SOYO
14.778259,17.303616,SOYO
14.635613,18.303137,SOYO
15.876539,17.915335,SOYO
15.839339,17.169903,SOYO
15.699918,17.433615,SOYO
15.344097,16.9056,SOYO
15.019598,17.761366,SOYO
14.746368,17.30466,SOYO
14.751893,16.069618,SOYO
15.871532,16.9091,SOYO
16.20789,16.832289,SOYO
14.384758,18.02216,SOYO
14.479175,16.968557,SOYO
15.27471,16.507475,SOYO
16.160982,16.569014,SOYO
-29.475203,-3.6904094,VO
-35.25674,-2.015963,VO
-29.97644,-3.6847556,VO
-30.58196,-3.5924466,VO
-30.659082,-3.597021,VO
-34.831802,-1.6182435,VO
-35.322357,-1.6187029,VO
-35.201763,-1.7950698,VO
-35.13768,-1.8759688,VO
-35.823498,-2.225943,VO
-35.056717,-2.00421,VO
-35.859478,-2.393324,VO
-34.85799,-1.8090041,VO
-35.47768,-1.6493815,VO
-34.9602,-1.8063579,VO
-35.524265,-2.362039,VO
-35.6847,-2.3250449,VO
-35.825413,-2.4863482,VO
-34.72343,-1.7613307,VO
-35.24596,-1.4636154,VO
-30.722538,0.04718607,VO
-31.19542,0.30364597,VO
-33.904743,2.7957428,VO
-30.668194,1.0910904,VO
-31.85333,1.8072122,VO
-24.169748,-5.555264,VO
-25.043556,-3.8000145,VO
-31.51309,0.18230002,VO
-32.565926,0.7918848,VO
-32.726994,0.9003294,VO
-34.12045,1.429382,VO
-33.06575,1.4394715,VO
-33.37341,1.4375131,VO
-33.25499,1.6787618,VO
-33.310684,0.99086034,VO
-32.36588,1.2163272,VO
-32.751602,1.1474824,VO
-32.774143,1.1073778,VO
-33.01938,0.55916524,VO
-32.980606,0.48804736,VO
-33.753143,0.5226758,VO
-33.638596,1.0759953,VO
-33.243412,0.99776435,VO
-33.167103,0.5575062,VO
-33.516743,0.50266606,VO
-27.11262,-3.8035283,VO
-35.202965,0.25797328,VO
-35.387753,0.09806579,VO
-35.432564,0.0025457395,VO
-35.28278,0.15992072,VO
-32.181515,0.81464005,VO
-30.430939,-2.1129963,VO
-32.59249,-0.9849806,VO
-32.433537,-0.9665439,VO
-29.186316,-3.25717,VO
-24.550854,-4.304136,VO
-23.876137,-5.1069145,VO
-24.511702,-3.6064072,VO
-24.098,-4.7028494,VO
-25.540667,-3.5469244,VO
-23.07152,-3.3021948,VO
-23.925816,-4.95856,VO
-23.78875,-4.2658834,VO
-23.414394,-4.146128,VO
-23.513468,-4.1661897,VO
-23.902945,-3.8072572,VO
-24.151312,-5.2360706,VO
-23.741472,-4.5573053,VO
-24.201948,-4.4077373,VO
-24.43144,-4.2817097,VO
-25.247393,-3.8143146,VO
-25.233774,-4.632445,VO
-24.681498,-4.4564815,VO
-24.38149,-4.21047,VO
-23.724533,-4.266836,VO
-29.646759,-2.9399173,VO
-25.451109,-4.0400763,VO
-24.234213,-4.119293,VO
-23.894037,-4.8182206,VO
-23.853554,-4.5365095,VO
-26.729868,-0.40931052,VO
-27.244364,-0.054875374,VO
-26.790506,0.0006947809,VO
-27.649332,-0.23974085,VO
-27.660505,-0.13132864,VO
-28.166851,-0.18186621,VO
-28.174969,0.28861117,VO
-27.866629,-0.07547978,VO
-27.44417,-0.22182113,VO
-27.178064,-0.24418542,VO
-27.412052,-0.9135104,VO
-27.691704,-0.5652281,VO
-27.709917,-1.0406779,VO
-27.712584,-0.96040004,VO
-27.630394,-0.6778693,VO
-27.183247,-0.8504902,VO
-27.356169,-0.70942926,VO
-27.529854,-0.55475914,VO
-27.541105,-0.51468104,VO
-27.960768,-0.44448164,VO
-31.447657,2.466077,VO
-30.99198,2.1750593,VO
-30.73908,2.5993361,VO
-30.507103,1.667866,VO
-30.391968,1.9457223,VO
-29.747118,2.2154915,VO
-29.352884,0.8142498,VO
-29.201344,0.59671897,VO
-30.16435,1.4055854,VO
-30.577251,1.6816864,VO
-31.166655,2.0100627,VO
-31.02476,2.325978,VO
-30.352354,1.5461311,VO
-29.773504,1.185765,VO
-29.722689,1.0859284,VO
-29.617064,0.082929716,VO
-30.499409,0.9485891,VO
-30.933397,1.1830535,VO
-31.47618,2.184398,VO
-31.002499,1.425154,VO
-28.677048,-2.3466952,VO
-28.097252,-2.6113105,VO
-27.796328,-2.5155947,VO
-28.223007,-2.2509563,VO
-28.212511,-2.2159898,VO
-29.20206,-1.4326216,VO
-28.902742,-1.7556511,VO
-28.320759,-2.0564146,VO
-28.261902,-1.9140577,VO
-28.297176,-2.1608095,VO
-23.590603,-4.941053,VO
-23.217697,-4.3470154,VO
-23.17361,-4.5194936,VO
-23.50466,-5.445526,VO
-23.701454,-5.1526437,VO
-31.075684,-1.0133746,VO
-29.567543,-1.797613,VO
-27.835546,-2.2297432,VO
-24.04265,-3.288405,VO
-24.822742,-4.072159,VO
-29.831951,1.9227494,VO
-30.426151,2.5139318,VO
-31.53951,3.5767324,VO
-31.864317,3.5540082,VO
-31.330696,3.1320174,VO
-31.070293,3.4496667,VO
-31.607965,3.0695338,VO
-31.303364,2.9766772,VO
-31.766865,3.2886062,VO
-31.778519,3.0992575,VO
-30.807846,2.3974435,VO
-30.693169,2.8578053,VO
-29.71052,1.4299593,VO
-29.739117,1.4029435,VO
-29.176,-1.3827112,VO
-31.080767,-0.651898,VO
-30.911888,-0.9575008,VO
-30.114618,-1.1210786,VO
-28.112833,-2.6236727,VO
-28.403887,-1.7518219,VO
-28.910986,-0.1202489,VO
-31.665482,1.99171,VO
-31.972303,2.6004274,VO
-31.378744,1.3225669,VO
-27.560555,-2.5512795,VO
-31.391716,2.1848516,VO
-31.99627,3.876588,VO
-32.374443,4.382351,VO
-32.323532,4.251439,VO
-32.27243,4.22139,VO
-31.98635,2.5814357,VO
-32.630962,2.6367867,VO
-29.893663,-1.2684197,VO
-32.712833,3.1782312,VO
-32.529724,2.983509,VO
-27.055172,-1.8144535,VO
-27.538609,-1.976504,VO
-24.211058,-3.9232287,VO
-32.287937,3.1503682,VO
-28.122196,-0.8926277,VO
-33.628616,-4.301957,VO
-33.79229,-4.204881,VO
-33.93013,-4.1327996,VO
-33.950935,-4.147084,VO
-34.04271,-4.11643,VO
-34.25892,-4.120559,VO
-33.332382,-4.413677,VO
-32.151096,-4.793724,VO
-32.16307,-4.8103347,VO
-32.027424,-4.8614936,VO
-31.89679,-4.9437346,VO
-32.244358,-4.788686,VO
-32.20683,-4.7866087,VO
-32.18392,-4.8127184,VO
-32.118504,-4.8240314,VO
-34.453094,-4.0307612,VO
-34.65599,-4.004301,VO
-34.843857,-3.9382117,VO
-34.878994,-3.9482598,VO
-34.89428,-3.9553103,VO
