Oil_Type,Feature 1,Feature 2,Feature 3
SO,5.9773197,0.038523257,5.239887
SO,6.641911,-0.6284692,5.687082
SO,6.3405576,-0.2877049,6.9517055
SO,6.2597275,-0.12764406,7.274485
SO,6.335876,-0.7809697,7.429612
SO,6.4401445,-0.5024023,7.387569
SO,6.935508,-0.7817956,8.232398
SO,5.864423,1.337956,3.6551752
SO,7.0435414,-0.9667944,7.4591994
SO,6.2769303,-0.08160774,7.6841288
SO,5.785621,1.5708379,3.553722
SO,5.761301,1.5195907,3.6133177
SO,5.795483,1.5173011,3.5617497
SO,5.7713213,1.4964713,3.6419573
SO,5.7861485,1.4683064,3.5978394
SO,5.82587,1.3904318,3.6909266
SO,5.8644223,1.3379613,3.6551712
SO,5.771869,1.2473233,3.9125347
SO,6.259311,0.8565015,4.3379164
SO,5.809436,0.76485187,4.5662327
SO,6.2126207,-0.6567594,4.183639
SO,6.1828675,-0.5415857,9.150177
SO,6.1051583,-0.6872772,4.234246
SO,5.991332,-0.51972735,8.91689
SO,6.022286,-0.7285866,4.4200673
SO,5.968199,-0.6382365,8.898215
SO,5.1772795,-1.1165901,4.1649637
SO,6.0395103,-0.8425211,9.278263
SO,5.8539596,-0.83424544,4.3507996
SO,5.4893565,-0.9513464,9.361225
SO,6.0638247,-0.59979975,4.689447
SO,5.7799716,-0.94709533,9.107602
SO,6.0703025,-0.6498162,4.569112
SO,5.3679614,-0.98129743,9.2338705
SO,6.0241585,-0.48154,4.8932085
SO,5.7117524,-0.9039496,9.468527
SO,6.0664597,-0.5081463,4.811452
SO,4.71331,-0.7886138,8.645077
SO,6.0602994,-0.5626909,4.7313924
SO,5.488934,-1.0547202,9.869846
SO,6.7783666,-3.2058706,9.5905285
SO,5.587046,-2.6050057,9.6498375
SO,4.5218935,-1.8675334,8.173641
SO,5.005601,-2.4036772,9.66715
SO,5.045715,-1.3053021,8.342254
SO,5.423937,-2.6627994,9.892024
SO,5.823104,-2.272394,7.906428
SO,4.020852,-2.7394593,9.515707
SO,4.829249,-1.8666302,8.392266
SO,5.1759434,-2.9269912,10.098295
SO,4.5061355,-2.1196365,8.8111925
SO,5.407274,-2.31717,9.353597
SO,4.3872824,-2.029684,8.220945
SO,5.409943,-2.2917721,8.699505
SO,4.264844,-2.449511,8.400566
SO,6.3225656,-2.0348465,8.610408
SO,5.110981,-2.1121233,8.751404
SO,5.345956,-2.2238915,9.211356
SO,5.712403,-1.7519966,8.762788
SO,4.4528136,-2.0373373,9.140331
SO,6.594016,-2.1578612,8.082924
SO,4.997342,-3.0820713,9.092826
SO,5.2162256,-2.5953074,8.416379
SO,5.698261,-3.1231735,8.206219
SO,4.398167,-2.688124,8.004702
SO,5.9232802,-2.7567596,7.8471546
SO,5.796815,-2.6302948,8.425383
SO,4.071161,-2.775702,8.450556
SO,6.7978697,-2.6599157,7.93017
SO,5.1764064,-3.0273557,8.528062
SO,4.5782185,-1.4343989,7.600215
SO,3.8272543,-2.6261046,7.526718
SO,6.395524,-3.1107018,8.449346
SO,7.346699,-2.57812,8.315236
SO,5.3034935,-3.025863,8.805257
SO,3.663422,-2.454609,8.881229
SO,5.1373487,-2.9448693,8.904413
SO,5.650738,-2.879575,8.781254
SO,5.2381144,-3.1275604,8.864071
SO,3.399744,-3.0451815,8.864811
SO,6.224225,-1.9298083,2.1766555
SO,5.2807446,-2.2822127,7.0080233
SO,5.841493,-1.6345015,2.2568955
SO,4.562006,-3.2904294,7.058141
SO,5.746855,-1.6749558,2.264427
SO,5.5876412,-2.821333,7.1225796
SO,5.941985,-1.9215635,2.4198647
SO,5.514226,-2.771503,6.9208665
SO,6.127608,-1.8235426,2.217655
SO,5.938474,-2.7647238,6.3424525
SO,5.86892,-2.0456386,2.6499436
SO,5.0210752,-2.5476782,6.2938786
SO,6.2788386,-1.9607358,2.5270793
SO,5.9893003,-2.758608,6.8865952
SO,5.576573,-1.976294,2.782584
SO,5.8816743,-3.2840652,6.867934
SO,5.533383,-1.9053627,2.632569
SO,4.1823373,-3.2638376,7.15464
SO,5.4561768,-1.8427359,3.0200555
SO,4.9887366,-2.3474011,6.675996
SO,6.1135397,-2.3450196,3.2330024
SO,5.9568405,-3.504752,7.7550282
SO,6.348435,-2.1008403,3.54437
SO,5.0724735,-3.8917358,7.1078305
SO,6.5682325,-3.692753,3.3867052
SO,5.1892676,-3.2991905,6.9913816
SO,5.6451335,-2.538839,3.6091015
SO,2.9827962,-3.3795497,7.1739025
SO,4.9796996,-2.6473427,3.1829367
SO,5.2040653,-4.0119896,7.3920403
SO,5.9433656,-2.3657565,4.1433244
SO,4.3355923,-3.095391,7.7029667
SO,4.889065,-2.2310688,3.5652926
SO,6.053335,-3.9245276,7.4951277
SO,5.719481,-2.398995,4.0135584
SO,4.7691917,-3.5023453,7.7390656
SO,4.6763816,-2.4782133,3.698022
SO,6.516651,-3.4468744,6.9510136
SO,6.150738,-2.2872572,4.6403847
SO,4.5405455,-2.7926106,6.6596947
SO,6.5614614,-2.7470486,4.213237
SO,5.4920163,-3.6792765,6.2327895
SO,5.8139396,-2.665592,4.133965
SO,4.87067,-3.565024,5.8029304
SO,6.6606593,-2.3746982,3.7680302
SO,5.3138366,-3.2978773,6.2970905
SO,6.10505,-2.768116,3.835745
SO,5.835926,-3.7608852,6.1176763
SO,6.051226,-2.8752685,4.3793178
SO,4.3272705,-2.3522828,6.8561177
SO,5.728044,-2.565054,4.22586
SO,5.0106616,-2.9557889,6.363892
SO,6.43855,-2.69666,4.187279
SO,3.9732282,-3.34662,6.0249553
SO,4.959593,-3.2568257,3.465766
SO,5.5977583,-3.0212488,5.801549
SO,5.5113826,-2.6200356,4.082935
SO,4.1442833,-2.9812794,6.9738884
SO,5.377886,-2.6993892,3.6951604
SO,5.0697517,-3.2463791,6.7471514
SO,7.3548684,-2.39768,1.512638
SO,7.364621,-3.5616305,1.5613346
SO,7.0690823,-2.1516821,1.3408277
SO,6.8375545,-2.7168214,1.6140157
SO,7.2095966,-2.5786345,1.4878042
SO,8.631226,-2.6289062,1.6427301
SO,7.615381,-2.5168133,1.320255
SO,7.0950165,-2.7795186,2.4429054
SO,7.441503,-2.4882026,1.2535996
SO,8.547804,-2.646024,1.6346579
SO,7.5800843,-2.4027436,1.3063058
SO,8.583247,-2.6469464,1.6434132
SO,6.9646115,-1.9314829,1.5548646
SO,8.772916,-2.6398568,1.6227543
SO,6.8798547,-2.483315,1.3055248
SO,7.674043,-2.767389,1.7558225
SO,7.1949735,-2.0714104,1.4716346
SO,7.3924217,-2.7831333,2.0227818
SO,7.3318114,-2.3920453,1.6734948
SO,7.963259,-2.9223306,2.026867
SO,4.913288,-5.2440248,7.2323217
SO,4.908369,-5.016126,7.596086
SO,3.455752,-4.6132903,8.266594
SO,4.0711684,-4.899561,8.05392
SO,3.9450235,-5.3636484,7.199516
SO,4.7056856,-4.233869,8.151113
SO,3.3533113,-4.6006207,8.152765
SO,5.770594,-5.087683,8.352588
SO,5.663665,-5.292408,8.479201
SO,4.4032364,-5.072354,7.80601
SO,5.278729,-5.34125,8.140305
SO,5.329926,-5.2512794,7.68544
SO,3.9338837,-5.0703325,9.254256
SO,5.3242445,-5.2760057,7.5647697
SO,3.8653188,-5.1414623,8.37129
SO,3.5626485,-4.7900033,7.4054327
SO,4.8197436,-5.72074,8.388854
SO,5.606337,-5.7445345,6.877702
SO,4.628079,-5.6835313,8.84123
SO,4.8187003,-5.765233,8.099675
SO,6.1235704,-3.1497228,3.5912812
SO,5.531602,-5.755655,8.396565
SO,5.6825056,-3.2485654,2.7121818
SO,4.991443,-5.3602386,7.4232726
SO,5.9053082,-2.924795,3.4747875
SO,5.870674,-5.9872136,7.686838
SO,5.740609,-3.1689825,3.885191
SO,5.8901186,-5.5458984,8.032182
SO,5.8561435,-4.150336,4.035837
SO,4.3082824,-6.0010824,7.9563975
SO,5.7196813,-2.7533777,2.8751554
SO,5.4902153,-5.672609,7.524836
SO,5.817762,-3.0728137,2.6859045
SO,4.297698,-5.469398,7.8642054
SO,4.975943,-2.865663,2.809053
SO,4.7378817,-5.552519,7.9381557
SO,5.722756,-2.6329994,2.1857471
SO,3.953506,-5.163986,8.366656
SO,5.824517,-2.4532223,2.2922401
SO,3.63422,-5.3321905,8.140229
PO,-6.4671664,0.42784712,6.709242
PO,-6.4860387,0.7599355,6.4920616
PO,-6.2907233,0.5502641,6.5697026
PO,-6.4856143,0.7784468,6.5909715
PO,-6.4988294,0.8719971,6.447453
PO,-6.569806,0.8105263,6.519909
PO,-6.68925,0.5483748,6.4965544
PO,-6.569108,0.9025172,6.478629
PO,-6.3580117,0.8864029,6.5090795
PO,-6.674516,0.6929629,6.8073387
PO,-6.0502367,0.66456825,7.294529
PO,-6.072267,0.70629025,7.3294706
PO,-6.2712765,0.65242994,7.2679467
PO,-5.917548,0.74090546,7.0707583
PO,-6.071807,0.59089947,7.1137214
PO,-6.201783,0.95085984,7.188381
PO,-6.0067835,0.8466783,7.1608353
PO,-6.1242733,0.922571,7.198152
PO,-6.2727714,0.92422503,7.130194
PO,-6.049461,0.72133297,7.267442
PO,0.27380872,-13.599245,0.49029422
PO,0.58594126,-15.309367,-3.5818517
PO,-0.096990295,-14.764041,-1.4300723
PO,1.538629,-13.9015465,-1.9738402
PO,0.06895405,-14.327534,-0.3893026
PO,2.863966,-13.357984,-2.631514
PO,-0.36858535,-14.914237,-1.8279456
PO,0.3594975,-15.056605,-2.415104
PO,1.1825658,-13.831315,-0.690586
PO,0.5316381,-15.054629,-2.3698096
PO,2.5826082,-14.33421,-2.1975517
PO,-0.13556242,-13.030013,-0.66839075
PO,1.7724262,-14.949021,-1.1757455
PO,0.52394426,-14.9402,0.043726463
PO,0.58367753,-14.891738,-1.3487229
PO,1.1687229,-13.336407,0.4055932
PO,-1.9141465,-13.518212,-0.9699464
PO,-0.13894661,-13.615609,-0.53612226
PO,2.74852,-12.768602,-1.4186308
PO,-0.88449895,-13.967413,-1.3405145
PO,1.2986528,-15.873833,-3.1507223
PO,0.7636066,-16.074816,-1.7144731
PO,2.0755134,-14.523425,-2.94477
PO,-1.4092119,-14.212406,-1.3609921
PO,1.2584267,-15.3807,-2.6962683
PO,-0.6385288,-15.753766,-3.157629
PO,-0.4696191,-12.713834,0.06945894
PO,-2.0011156,-12.99191,-1.8962865
PO,1.2703444,-15.785089,-2.6269035
PO,1.5946834,-14.667525,-2.1623166
PO,1.6233464,-15.108358,-4.171909
PO,1.8543379,-15.508366,-1.6441514
PO,0.7938408,-11.787876,0.01975742
PO,0.37166896,-14.287198,-4.5674067
PO,-1.9841669,-14.170835,-2.6976178
PO,2.095263,-15.748691,-2.5554569
PO,-0.381191,-14.7973995,-3.7985609
PO,-0.74711454,-14.998592,-0.8619864
PO,0.86605,-12.512041,-0.35238743
PO,1.2016182,-15.554799,-1.1046833
PO,2.4145584,-13.848833,-1.427558
PO,0.2347475,-15.621782,-2.533397
PO,-0.8132611,-13.901733,0.07718721
PO,-0.57144815,-15.876466,-2.0860734
PO,0.92337584,-15.533119,-3.8356276
PO,2.0436356,-13.592266,-0.396129
PO,1.2285411,-14.697585,-3.5090694
PO,2.1246636,-14.037578,-3.852989
PO,0.6674598,-13.796886,-0.83383864
PO,-0.7061082,-12.6679,-1.1216382
PO,-1.8198999,-13.583721,-3.3415115
PO,-0.13456586,-11.872556,-0.4853382
PO,0.28628436,-14.185485,-1.9783529
PO,-0.6076742,-14.282924,-2.9245937
PO,-1.0132983,-13.544961,-2.0903616
PO,-1.9094515,-14.374389,-2.679001
PO,0.23625976,-12.957469,-0.8279538
PO,0.49284917,-13.452107,-1.4513853
PO,-1.4185718,-12.275361,-1.1241913
PO,-0.9862085,-12.84949,-1.2409496
PO,-11.292736,0.23016542,4.4546795
PO,-10.743953,0.33040103,4.456901
PO,-10.901677,0.16831647,4.340802
PO,-10.566436,0.1508649,4.4029884
PO,-10.736031,0.3843002,4.6304994
PO,-10.396413,0.10968472,5.048558
PO,-10.286886,0.14044647,4.7725377
PO,-10.655101,0.4831285,4.408732
PO,-10.596386,0.32158598,4.28153
PO,-10.385044,0.23779026,4.3754272
PO,-10.587369,0.8904303,5.2391415
PO,-10.847959,1.3249625,4.299635
PO,-11.056738,0.032288276,4.8326516
PO,-10.678057,0.7428242,4.6060724
PO,-10.849544,0.577399,4.6846633
PO,-11.1119,0.1687322,4.9388566
PO,-10.896973,0.6682879,4.8444877
PO,-10.46347,-0.0729741,4.709995
PO,-10.491131,0.34576976,4.5272026
PO,-10.803956,0.15734097,4.6358004
PO,0.5126859,-13.4482565,-3.7946706
PO,-0.44345033,-13.336814,-3.5974002
PO,0.5965608,-12.943056,-1.9776567
PO,-0.25435373,-13.581015,-2.174473
PO,0.019775033,-12.4752445,-2.445912
PO,0.35545814,-11.825923,-1.6276615
PO,-0.62043405,-12.9772415,-3.9099007
PO,-0.4963274,-12.104413,-1.6897869
PO,0.012277447,-12.5192375,-1.5762259
PO,0.8148778,-12.556695,-2.1707911
PO,0.20855224,-13.074174,-3.2290163
PO,-0.1785348,-12.401344,-1.7350367
PO,0.14035128,-12.058754,-1.6158726
PO,-0.29823261,-12.515338,-2.2996721
PO,-0.27015904,-12.58889,-1.9710941
PO,0.84401697,-12.14397,-1.5164157
PO,0.95271397,-12.965614,-3.6972106
PO,-1.1136447,-12.142644,-2.1344507
PO,0.17021413,-12.553903,-2.3821344
PO,-0.1191896,-12.675374,-2.771278
PO,-0.42810425,-12.4542055,-5.0609174
PO,-1.1914463,-11.975937,-3.6279132
PO,0.18345122,-12.514177,-3.43352
PO,0.475434,-11.300183,-4.4412427
PO,1.2637076,-11.910627,-2.6741526
PO,-0.3124328,-12.104192,-4.4137316
PO,0.50518453,-12.568907,-4.115005
PO,0.24523373,-11.608191,-3.4732914
PO,0.3771817,-11.669245,-2.23123
PO,-0.059091493,-12.263688,-3.7271297
PO,1.8604419,-12.393318,-3.0388985
PO,0.46602395,-11.991975,-3.2784226
PO,0.76369864,-11.50396,-2.9442234
PO,-0.10905844,-11.608135,-2.8574886
PO,-0.22361271,-11.624981,-2.3113165
PO,-1.2549694,-12.2876425,-3.2421196
PO,1.3498677,-11.963865,-2.0875874
PO,-0.558421,-11.809755,-3.3282497
PO,-0.014640961,-11.754718,-2.8454938
PO,0.22315367,-11.635876,-2.725376
PO,0.50319326,-14.119589,-5.078218
PO,0.03790608,-11.348828,-5.4821534
PO,1.844341,-11.697387,-4.5021644
PO,2.0924277,-10.7685995,-2.3378599
PO,1.9325217,-11.902287,-2.9434154
PO,0.9916155,-9.823699,-1.7284286
PO,1.5039229,-11.093743,-3.670416
PO,-1.3509268,-10.679362,-1.466227
PO,-0.22010706,-10.784207,-2.5806737
PO,-0.5037487,-10.505634,-3.0082264
PO,2.010696,-10.913139,-4.127561
PO,0.11003677,-11.432937,-3.9864438
PO,1.2688903,-11.120547,-1.9637566
PO,-0.38279906,-10.895596,-2.3321133
PO,-0.92649853,-12.060256,-4.4197726
PO,0.8184801,-10.344573,-3.8015778
PO,-1.8067504,-11.578615,-3.8679826
PO,0.32492054,-11.5091,-4.4042115
PO,1.1622467,-9.870035,-2.7478175
PO,0.1990628,-10.747565,-1.5503665
PO,1.0680158,-12.915745,-5.1600795
PO,2.1486578,-10.474874,-3.3693876
PO,-0.445983,-10.885458,-3.2762804
PO,1.035618,-10.79139,-1.7604451
PO,-0.32789794,-10.0704155,-2.1449583
PO,0.93426234,-11.002738,-3.5404737
PO,-1.4030267,-10.866867,-2.535571
PO,-0.19403635,-10.765074,-3.9803004
PO,0.3865942,-10.680447,-3.2110295
PO,-1.4026523,-11.627229,-3.4874253
PO,0.78165156,-11.485724,-4.3589444
PO,-0.64160025,-11.961904,-2.9236228
PO,1.6458591,-10.846112,-1.9416974
PO,-1.0502115,-11.215966,-2.6310751
PO,-0.5106145,-10.983563,-4.774226
PO,0.8815953,-12.560417,-4.7560487
PO,1.2429342,-10.847527,-2.450449
PO,0.023628803,-11.113137,-2.5554678
PO,-0.18516383,-11.6723795,-3.067381
PO,0.48956886,-10.656589,-2.4370058
PO,-1.210628,-14.784948,-2.503659
PO,2.230277,-13.125304,-3.5026963
PO,0.26290601,-14.326996,-2.8036592
PO,1.2596247,-13.950147,-2.0637856
PO,0.021028576,-13.84895,-3.2434986
PO,1.0273024,-14.282691,-1.3043875
PO,1.39358,-13.014081,-1.1113101
PO,1.277118,-13.720399,-2.225472
PO,-0.25685155,-13.236216,-2.1428585
PO,1.3887196,-14.189607,-2.3759072
PO,2.1817102,-13.166257,-2.7508602
PO,0.27033454,-13.797172,-2.5679724
PO,1.3589346,-12.747214,-1.142614
PO,-0.4759542,-12.548085,-2.0485468
PO,0.5442126,-13.253493,-0.53470355
PO,-0.83999467,-14.044639,-4.495523
PO,1.0825776,-13.570956,-2.9781625
PO,1.1237357,-13.05169,-2.4665139
PO,-0.49102506,-13.404863,-2.4766023
PO,0.96513826,-13.416379,-2.0941205
GNO,1.6358021,0.32811496,-10.1801815
GNO,1.7967575,-0.44805667,-8.975469
GNO,2.1756907,-1.1059432,-9.638678
GNO,1.2116292,-0.21559933,-9.977962
GNO,1.1148143,-1.6603272,-10.0919485
GNO,1.5461192,-0.8900611,-8.9679165
GNO,1.5427849,-0.5149259,-9.627137
GNO,0.41845998,-1.4819798,-10.848004
GNO,1.0426794,-0.96735674,-9.627645
GNO,1.5628848,-1.2146602,-9.934065
GNO,1.3864585,-1.3407232,-10.286612
GNO,1.395973,-0.91943043,-9.836148
GNO,1.3850845,-0.8617453,-10.053197
GNO,1.5992483,-1.0658556,-9.753269
GNO,1.3794733,-0.81142247,-9.460892
GNO,2.0890908,-1.1796141,-9.926606
GNO,1.5321642,-0.8035587,-9.387523
GNO,1.3795774,-1.2198492,-9.658843
GNO,1.6034176,-1.1908656,-9.475103
GNO,2.0757709,-1.2560606,-9.000645
GNO,1.1710716,-2.019296,-9.630034
GNO,1.1378936,-1.6083857,-10.081897
GNO,2.1745064,-1.234273,-10.003902
GNO,0.5279533,-1.4078819,-9.468328
GNO,3.6050532,0.81825954,-6.839914
GNO,3.307786,0.60259885,-6.682765
GNO,2.9343352,1.2079948,-5.939704
GNO,3.1967874,1.0084492,-6.2374644
GNO,3.5042832,1.0168605,-6.455249
GNO,3.7132668,0.9853445,-6.6948147
GNO,3.0189202,0.94289446,-6.0200768
GNO,3.311166,0.9121437,-6.522157
GNO,3.2039201,1.03906,-6.3851585
GNO,3.2502687,0.93797046,-6.5476236
GNO,3.6530488,1.0019068,-6.858012
GNO,3.1785462,1.0055943,-6.605883
GNO,3.0550725,1.0450298,-6.3448534
GNO,3.2803297,0.93057466,-6.5049987
GNO,3.1978028,1.0439533,-6.448946
GNO,3.219531,1.0357443,-6.2687154
GNO,0.26819035,-0.9152526,-9.260368
GNO,1.0828232,-2.0364053,-8.934567
GNO,1.634146,-0.26041415,-10.6229725
GNO,1.554779,-1.2390755,-11.288011
GNO,0.597075,-0.693175,-9.990791
GNO,1.2774218,-2.2629533,-9.082839
GNO,1.3672612,-0.032881867,-10.599358
GNO,2.2298667,0.46779037,-10.897185
GNO,0.92903,-0.2016485,-11.587651
GNO,0.56864077,-0.0005341556,-11.386648
GNO,0.90206975,-0.9443577,-8.43566
GNO,2.889537,1.2505146,-9.492159
GNO,1.6017482,0.54368776,-8.450587
GNO,1.8784589,1.2153642,-8.861865
GNO,2.9532757,0.38291943,-8.849819
GNO,2.0788753,0.1551056,-8.701334
GNO,1.9925563,0.19143471,-7.767657
GNO,1.923378,1.0776204,-8.425019
GNO,1.6827438,0.82812655,-8.32233
GNO,1.976133,0.84996283,-8.185621
GNO,-0.02303546,3.8950617,-10.74442
GNO,0.54172736,3.404078,-11.312688
GNO,-0.15522437,5.607009,-9.94279
GNO,-1.4814147,5.0374618,-10.607797
GNO,-0.7462871,3.4929938,-10.669142
GNO,-0.9141391,5.8373513,-10.751519
GNO,-0.77512276,4.094603,-10.473619
GNO,-0.9848115,3.379002,-10.981186
GNO,0.054205753,3.813018,-10.746281
GNO,-2.17889,2.8969927,-10.086777
GNO,-0.11231637,5.733503,-10.049028
GNO,-0.497546,3.3079894,-11.552562
GNO,-0.60007834,4.384655,-11.35291
GNO,-1.6492051,3.191427,-9.178792
GNO,-0.89832145,5.8575754,-9.556591
GNO,-2.0495112,5.172956,-9.607392
GNO,-0.5353465,3.294486,-10.475762
GNO,-1.6479988,4.4718475,-10.858852
GNO,-0.4212274,5.663475,-11.3666525
GNO,-2.6116867,4.9037094,-8.626379
GNO,0.79126364,5.9571786,-10.53516
GNO,-0.11260005,4.320369,-11.67106
GNO,-1.642888,5.0294743,-10.678196
GNO,-2.7358289,3.8534882,-10.829129
GNO,-1.458193,4.0758553,-10.706044
GNO,-1.6543815,5.873745,-9.790569
GNO,-3.0008528,3.8602417,-9.2897835
GNO,-2.342827,4.666534,-10.441818
GNO,-1.7475609,3.6410694,-10.055428
GNO,-0.8517154,4.2876296,-12.210792
GNO,-1.2481146,3.581313,-11.814729
GNO,-2.020486,4.878826,-11.562958
GNO,-1.7471206,3.7101283,-11.447849
GNO,0.88424796,5.461368,-8.329865
GNO,0.4773001,4.3379765,-9.495134
GNO,-0.6735801,3.7849019,-7.989063
GNO,0.21811074,4.2343497,-9.728608
GNO,0.02581143,4.2600374,-9.861259
GNO,-0.065071836,4.3216724,-9.01872
GNO,2.023993,4.5311594,-8.998749
GNO,-1.8575969,4.31648,-10.475577
GNO,-2.2862558,2.8703396,-8.482735
GNO,-1.856447,4.8372393,-8.430005
GNO,-1.1454742,4.078476,-9.920992
GNO,-1.246222,4.591995,-9.748216
GNO,-0.71029353,5.5926485,-9.342453
GNO,-0.7424956,4.754644,-10.881543
GNO,-1.2525096,4.166707,-9.685231
GNO,-0.52004296,4.7627873,-9.977838
GNO,-0.75366586,4.807594,-9.915945
GNO,-0.90006435,5.667855,-8.94346
GNO,-0.37226364,3.730759,-10.175791
GNO,-1.5791742,4.3955245,-9.425581
GNO,-1.4562143,4.213411,-8.5067215
GNO,0.1628479,4.0717435,-10.799308
GNO,-1.5574781,4.7658124,-9.63957
GNO,-1.3945287,4.225197,-9.259479
GNO,-1.1984532,4.483054,-8.551769
GNO,-0.49098137,4.620824,-9.671449
GNO,-0.923944,3.4784703,-8.448344
GNO,0.54906034,4.7488856,-9.499551
GNO,-0.2708067,4.789327,-8.431885
GNO,0.38965634,4.757115,-7.644756
GNO,0.41781843,3.3570268,-6.8455806
GNO,0.729047,3.80162,-8.005952
GNO,0.66185194,3.6928277,-7.777001
GNO,0.9513308,4.5694327,-8.210437
GNO,0.50847673,3.972822,-8.071189
GNO,0.67546695,4.132656,-8.323477
GNO,0.5258771,4.118919,-8.221626
GNO,0.4293355,3.8173957,-7.4118123
GNO,1.0513685,4.493819,-8.457901
GNO,1.4927089,4.577474,-7.242805
GNO,0.8088697,4.070162,-8.369504
GNO,0.33951566,4.457333,-7.9124618
GNO,0.66139174,4.053883,-8.220429
GNO,-0.34209085,4.302618,-7.0924087
GNO,0.73772335,4.108575,-7.2077703
GNO,1.5805024,3.9169602,-7.8364325
GNO,0.6347367,4.1633215,-8.215518
GNO,0.6998375,4.225802,-11.145443
GNO,-1.4758972,2.5032232,-9.529929
GNO,-2.549275,2.9162192,-10.08031
GNO,-0.53131855,2.950852,-7.763921
GNO,2.1380186,4.2727823,-9.164949
GNO,0.6966604,4.1508956,-9.23097
GNO,-0.1915601,2.7165706,-8.599816
GNO,-0.57118934,3.2955434,-8.570316
GNO,0.21655105,3.2833276,-9.205585
GNO,1.0521097,3.4379077,-9.142758
GNO,-0.10833447,3.6572113,-8.979289
GNO,0.52758783,2.6893816,-8.660843
GNO,-0.058315903,3.2024903,-8.941825
GNO,0.5478367,3.3698611,-8.413774
GNO,0.61526924,2.9198244,-8.813711
GNO,0.30477414,3.269329,-8.872861
GNO,0.44728792,3.0699868,-9.097937
GNO,0.771824,3.2651258,-9.200855
GNO,1.4345369,4.365761,-10.655699
GNO,0.32391265,3.2675712,-9.595902
GNO,-0.8266342,2.0546653,-10.640165
GNO,-0.9729944,1.7918894,-12.158131
GNO,-1.7809604,1.8536972,-10.859236
GNO,-0.8936398,1.132323,-11.0665
GNO,-0.67809737,1.8318774,-10.431357
GNO,-1.0955396,1.5025322,-11.57163
GNO,-0.3525622,1.7809569,-11.844252
GNO,-0.045957748,1.5588695,-11.159948
GNO,1.0012956,1.9667829,-10.787165
GNO,0.26481438,1.5721316,-10.399552
GNO,0.8238707,1.6838671,-11.351188
GNO,-0.45318902,1.9253979,-9.293154
GNO,-0.066067144,0.81792676,-10.933016
GNO,-1.0944145,1.2734666,-11.651111
GNO,-0.3840122,1.5925325,-10.060167
GNO,-0.33983654,1.3274893,-11.307578
GNO,-0.3681033,1.0315602,-10.08286
GNO,0.51386184,1.5560821,-10.641743
GNO,0.2780732,1.4608642,-10.671699
GNO,-0.17232,1.0664154,-11.08619
GNO,2.3173707,2.5451243,-9.121712
GNO,2.6002696,1.7167482,-8.681239
GNO,2.09904,1.4536889,-7.656112
GNO,2.0060816,1.2305043,-8.981915
GNO,1.7809757,1.4814134,-8.645245
GNO,1.4514387,0.97629243,-8.066028
GNO,1.9320288,0.919696,-7.827021
GNO,0.981685,0.8233896,-8.8359785
GNO,1.597316,0.85546756,-8.471728
GNO,1.9772326,0.9418666,-9.936017
GNO,1.5405185,1.0160072,-9.756133
GNO,1.379394,0.62440866,-8.295628
GNO,1.302794,1.3637556,-8.9990835
GNO,0.5541905,1.0586936,-8.329337
GNO,-0.39296862,0.08004639,-9.540459
GNO,-0.12643255,0.42679325,-9.433751
GNO,0.5641317,0.6464754,-10.870382
GNO,0.65060854,0.45840856,-10.707709
GNO,0.15550752,-0.49025202,-10.597661
GNO,0.6349432,0.6806696,-9.594121
SOYO,0.16843517,9.00058,2.496307
SOYO,0.66127944,9.049964,4.204728
SOYO,0.64760226,8.038723,4.544063
SOYO,1.412152,8.862544,2.5195198
SOYO,0.739191,8.839253,3.037757
SOYO,0.977235,7.863272,2.9178953
SOYO,0.4701436,8.863535,4.25392
SOYO,0.7548015,8.358981,3.2871819
SOYO,0.71508145,9.996003,4.4710355
SOYO,1.1365757,9.184784,4.975078
SOYO,0.050575428,10.246828,3.113145
SOYO,1.0281339,8.86649,2.5610337
SOYO,1.2634325,8.950309,5.236948
SOYO,1.3759143,8.90029,4.4556084
SOYO,0.31523287,8.842222,3.5551198
SOYO,1.3396413,7.909291,3.1994743
SOYO,0.26430017,9.588386,3.6686158
SOYO,1.7860807,8.684107,5.3040614
SOYO,1.6368957,8.571782,4.795607
SOYO,1.065767,9.730297,2.4027328
SOYO,2.9287498,10.93489,2.4235592
SOYO,1.4552726,9.061227,1.9913913
SOYO,5.1760964,5.353427,0.06093035
SOYO,1.2496418,10.071519,4.140083
SOYO,3.345613,8.842514,5.2262707
SOYO,2.1714675,9.207263,4.415528
SOYO,1.0807695,10.086505,3.500513
SOYO,1.7801373,10.425634,3.4098203
SOYO,2.8227804,9.274784,4.5999994
SOYO,1.6950201,9.610322,3.9059358
SOYO,2.1136816,8.124853,3.6649122
SOYO,1.584,9.087185,2.9839845
SOYO,2.3778348,8.628311,3.5194628
SOYO,1.6666785,9.385598,3.677644
SOYO,1.4526112,9.050006,3.7032497
SOYO,0.98319846,10.318593,2.5514078
SOYO,3.3812249,8.848432,4.919167
SOYO,2.2906246,9.32103,2.7934227
SOYO,1.8515176,9.477792,3.9485466
SOYO,1.778174,9.002029,4.1005025
SOYO,1.7096838,10.785497,6.047804
SOYO,2.509644,10.635231,6.2296443
SOYO,2.543163,11.538505,4.3327975
SOYO,2.2039514,11.303051,4.9918914
SOYO,3.011058,10.294836,5.6655717
SOYO,1.4772066,11.138904,4.2507277
SOYO,2.6547768,10.548104,3.6034079
SOYO,2.1170516,11.24452,5.0230136
SOYO,2.5158243,11.192317,5.245306
SOYO,2.3460004,10.952961,5.718161
SOYO,3.0325892,9.648933,4.8263083
SOYO,2.3673267,9.995502,4.5536027
SOYO,2.5896273,11.202449,5.2554646
SOYO,3.0222876,11.079906,5.148523
SOYO,2.372225,10.677809,5.6614757
SOYO,1.4870515,9.621752,3.106124
SOYO,2.2473838,10.610735,3.7504075
SOYO,2.494616,11.166147,5.386662
SOYO,2.2699175,11.051823,5.1128054
SOYO,2.2903485,10.748343,5.0165353
SOYO,3.1013918,10.957972,2.5493245
SOYO,2.3921175,9.768666,2.5718253
SOYO,2.9147468,9.325024,2.8850636
SOYO,1.8512014,9.633497,3.267722
SOYO,2.0169566,9.640734,2.9422436
SOYO,2.9502578,8.561541,3.5590749
SOYO,2.7518694,8.047183,3.880805
SOYO,2.9711096,9.331697,2.9752557
SOYO,2.2527208,9.826782,3.6042218
SOYO,1.4746181,8.520352,3.7836447
SOYO,2.9435973,8.9527645,3.153868
SOYO,2.712415,10.037442,3.1021602
SOYO,1.8046812,9.165144,3.6491826
SOYO,2.812311,9.323219,3.8989606
SOYO,2.0762815,10.221685,2.682828
SOYO,3.3975937,8.975542,4.402642
SOYO,1.4381224,9.803944,3.9146137
SOYO,3.284213,8.631937,4.384128
SOYO,2.8353906,9.13235,3.763613
SOYO,2.181733,9.067175,2.7421048
SOYO,3.8011537,9.012801,1.5344375
SOYO,2.831127,7.6032276,2.4097989
SOYO,3.2339146,9.128184,1.4131773
SOYO,3.6876316,8.77148,2.4044626
SOYO,5.520851,9.89768,2.7193265
SOYO,4.220493,8.106605,3.232555
SOYO,4.5154796,9.111458,0.45229104
SOYO,2.8907034,9.116339,1.0569923
SOYO,3.15934,8.305472,1.4390001
SOYO,3.7604463,9.236645,2.1552157
SOYO,4.662106,10.005015,1.8334349
SOYO,4.5424423,8.657784,2.2698662
SOYO,3.5247757,7.834138,2.15331
SOYO,3.696023,8.709796,1.7257268
SOYO,3.7894793,9.063905,1.623688
SOYO,4.061357,7.9945154,0.41949156
SOYO,3.8477674,8.241093,2.2377207
SOYO,3.3395798,8.370677,2.345048
SOYO,4.031064,8.690575,1.5992471
SOYO,3.689361,8.630879,1.0245622
SOYO,5.0135527,9.186835,2.280892
SOYO,3.2055187,7.670061,1.465447
SOYO,4.5692043,8.487773,2.1644583
SOYO,5.001563,8.381144,2.3832428
SOYO,4.2886033,9.141295,2.3712647
SOYO,3.6448572,9.378666,1.2660619
SOYO,4.006022,8.025476,1.6401657
SOYO,3.8860197,7.9764495,1.4761256
SOYO,4.2019825,8.354611,2.0383592
SOYO,3.9918406,7.469061,2.2201838
SOYO,4.252103,9.299298,1.7236137
SOYO,3.705858,7.6975594,1.904857
SOYO,4.3735228,8.802361,1.1948103
SOYO,3.8985784,7.997565,1.6768322
SOYO,5.230689,8.967676,1.2558559
SOYO,3.672135,9.211533,1.9142418
SOYO,4.855151,8.340885,2.4704285
SOYO,4.0171175,8.318916,2.151017
SOYO,4.8440123,8.598949,2.0450253
SOYO,4.329814,8.575312,2.055953
SOYO,5.9727006,14.945899,-0.8532239
SOYO,6.059282,14.972741,-0.52871907
SOYO,5.6768503,14.906203,-0.60207546
SOYO,5.6960077,14.79476,-0.56469625
SOYO,5.7994475,14.750872,-0.6836314
SOYO,5.8184614,14.77559,-0.95298177
SOYO,6.1655107,14.612833,-0.9573633
SOYO,5.672804,14.681146,-0.39398825
SOYO,6.0557556,14.423072,-0.83117175
SOYO,5.5409384,14.469766,-0.9781221
SOYO,6.0608854,14.415262,-0.42043802
SOYO,5.707341,14.217229,-0.9893167
SOYO,5.443582,14.308631,-0.74621594
SOYO,6.0381985,14.076955,-0.57324344
SOYO,5.857773,14.278021,-0.12879023
SOYO,5.21374,14.187642,-0.51514965
SOYO,5.5497947,14.114097,-0.28627577
SOYO,5.4607463,14.0608,-0.7636697
SOYO,5.767591,13.807674,-0.7588076
SOYO,5.4313865,13.776874,-1.1707435
SOYO,6.114539,13.645901,-0.2608276
SOYO,6.2441397,13.396655,-0.7062862
SOYO,5.3616347,13.436868,-0.34569064
SOYO,5.8756027,13.393842,-0.42983413
SOYO,5.79241,13.340784,-0.4240085
SOYO,5.2223377,13.349127,-0.56145155
SOYO,5.848432,13.031697,-1.2838504
SOYO,5.669658,13.227852,-0.4721591
SOYO,6.047072,13.280844,-0.5619303
SOYO,5.675151,12.990443,-0.2215822
SOYO,5.2199073,12.977574,-0.69270015
SOYO,5.5369334,12.988304,-0.41434112
SOYO,5.231929,13.160582,-0.23784786
SOYO,5.736313,13.10714,0.0485249
SOYO,5.9565196,12.888744,-0.42817584
SOYO,5.54882,12.762651,-0.4587838
SOYO,5.4640336,12.737091,-0.42063016
SOYO,5.596132,12.741742,-0.25534868
SOYO,5.7640424,12.453371,-0.06974704
SOYO,5.264193,12.6773615,-0.54581225
SOYO,4.338489,10.028966,4.21113
SOYO,4.914356,9.932303,4.079881
SOYO,4.508992,10.319058,4.3859067
SOYO,4.658111,10.05662,4.1919894
SOYO,5.1561594,9.077593,3.5845723
SOYO,4.8358035,7.216117,1.7062105
SOYO,4.9195933,6.9356027,0.8740839
SOYO,5.2559896,7.0104847,2.5313706
SOYO,4.6007032,6.137706,1.5722914
SOYO,4.85081,7.1741786,1.89805
SOYO,4.792619,6.6372604,1.343886
SOYO,5.969419,7.6304646,1.3781643
SOYO,5.049019,6.880945,1.6519358
SOYO,4.9659114,6.8594766,1.8633868
SOYO,4.9118505,6.2647576,1.8124459
SOYO,5.1448236,6.191409,1.8894064
SOYO,5.1474104,6.233298,1.9966154
SOYO,5.3536363,6.79647,2.2497344
SOYO,5.105655,6.28701,1.6859047
SOYO,5.175246,6.3824005,1.610627
SOYO,5.435747,5.8674808,0.4509794
SOYO,3.921434,5.348582,1.7451396
SOYO,4.338061,5.452203,2.7205741
SOYO,4.8130817,4.0998373,1.7080742
SOYO,4.4305735,5.247093,1.8617432
SOYO,4.3470583,5.168529,1.1440535
SOYO,5.684947,5.880955,1.3991883
SOYO,5.3127136,5.5480638,2.6145232
SOYO,4.604638,4.946846,2.2386475
SOYO,4.524163,5.217001,2.167027
SOYO,5.482245,4.9277687,2.4384148
SOYO,5.4208827,5.216858,1.716823
SOYO,4.8145366,5.1415205,1.2350166
SOYO,4.8019958,3.9468043,1.2849659
SOYO,4.43349,4.6283154,2.1784568
SOYO,4.012636,4.5306983,2.1838832
SOYO,5.976936,5.535858,1.4679375
SOYO,4.8012466,4.7651105,1.0215338
SOYO,5.3383102,4.2852206,2.160587
SOYO,5.1477895,4.7205806,2.9636416
VO,-8.931524,-0.47026947,3.0258029
VO,-12.248236,-2.549225,0.07886014
VO,-8.975139,-0.8999843,2.8581512
VO,-8.89481,-1.3912444,2.6248724
VO,-8.976319,-1.4166412,2.6099854
VO,-12.134621,-1.8912567,0.12076215
VO,-12.603961,-2.1757581,0.0035547179
VO,-12.397693,-2.2587974,0.089469716
VO,-12.212563,-2.3157177,0.085198626
VO,-12.580501,-3.0826077,-0.06331549
VO,-12.056657,-2.4117815,0.1334327
VO,-12.390653,-3.2742014,-0.08986831
VO,-12.028468,-2.1003103,0.15184179
VO,-12.752186,-2.3036494,-0.0031076262
VO,-12.1026535,-2.150354,0.1215093
VO,-11.933429,-3.0297334,-0.07576288
VO,-12.202152,-3.099835,-0.07841555
VO,-12.040148,-3.3384905,-0.15931447
VO,-11.947186,-1.969573,0.18047196
VO,-12.654338,-2.0197961,-0.026617844
VO,-9.961322,0.85812676,0.051290303
VO,-10.377137,1.5864455,-0.818699
VO,-10.664561,-1.2967932,-2.8978536
VO,-8.832342,1.5426537,-1.1404448
VO,-9.884394,0.32013512,-1.4471151
VO,-5.5364623,0.37291855,5.3105345
VO,-7.02687,0.4993234,4.2630873
VO,-10.0623255,0.10858403,0.048980463
VO,-10.634997,-0.077394195,-0.76513106
VO,-10.691617,-0.23677376,-0.88813835
VO,-11.78435,0.44559819,-1.3998154
VO,-10.989703,0.26329044,-1.2724243
VO,-11.208622,-0.014806141,-1.3975381
VO,-10.998686,-0.062308684,-1.8440577
VO,-11.059854,-0.5161957,-1.374214
VO,-10.02737,-0.7197278,-1.1534033
VO,-10.525773,-0.44576153,-1.2505845
VO,-10.482847,-0.5707038,-1.2719117
VO,-10.588234,-1.1085885,-1.2089741
VO,-10.4569,-1.2582601,-1.3443118
VO,-11.447794,-0.9011878,-1.1020801
VO,-11.420531,-0.45686853,-1.556099
VO,-11.047539,-0.542553,-0.87018454
VO,-10.860864,-0.88104534,-1.0254966
VO,-11.017024,-1.2301384,-1.2920035
VO,-8.783506,1.1179782,3.9167566
VO,-12.929697,-0.44412747,-0.726478
VO,-13.105191,-0.6184638,-0.634123
VO,-13.130487,-0.72451484,-0.5967501
VO,-13.00094,-0.5404239,-0.66959554
VO,-9.728377,-1.1959258,-0.8384237
VO,-9.390665,-0.4914981,1.3229349
VO,-11.355475,0.12817901,0.62328
VO,-11.149871,0.10969893,0.6340588
VO,-8.824154,-0.099299245,2.870748
VO,-7.4490776,0.6175973,5.154197
VO,-7.236129,0.20260705,5.970466
VO,-7.115257,-0.06653846,4.721559
VO,-7.2998395,0.5765113,5.6676116
VO,-7.637369,0.31384012,4.031594
VO,-6.1040998,2.0631046,5.223242
VO,-6.904808,0.08255643,5.7360005
VO,-6.729066,1.265063,5.463403
VO,-6.1988797,1.1474433,5.4964867
VO,-6.646504,0.11786273,5.5563664
VO,-6.2745285,0.31325793,4.8643274
VO,-5.991534,0.11701035,5.331655
VO,-6.7815604,0.9653839,5.6231933
VO,-6.685308,1.1492916,5.1263523
VO,-6.89689,0.7382496,4.915311
VO,-7.4774327,0.56285745,4.3248277
VO,-7.6089373,1.5490187,4.8326592
VO,-7.053391,1.3613188,4.973211
VO,-6.884634,0.59631824,4.9274244
VO,-6.379084,0.51050246,5.3189034
VO,-9.019515,-0.44728944,2.2311988
VO,-7.138472,1.1630046,4.1091757
VO,-6.765657,0.44332752,4.954322
VO,-6.746577,0.47629273,5.606182
VO,-6.905461,1.0499107,5.618978
VO,-6.751856,0.011325609,1.9124119
VO,-7.1581197,-0.11100144,1.5353283
VO,-6.9148088,-0.40882134,1.790114
VO,-7.544986,0.12711002,1.4678321
VO,-7.391347,0.15872158,1.3129865
VO,-7.898376,0.42866114,1.1240857
VO,-7.640221,0.07824587,0.77032876
VO,-7.68013,0.07899094,1.245614
VO,-7.6057987,-0.10039526,1.7279594
VO,-7.474117,-0.18167847,1.8830831
VO,-7.5311017,0.6107107,2.0556424
VO,-7.1846356,0.8142007,1.3846123
VO,-7.7618523,0.807797,1.8849704
VO,-7.691396,0.8183963,1.802086
VO,-7.622984,0.4685307,1.7451276
VO,-7.114948,0.828404,1.9036136
VO,-7.270204,0.59045404,1.8127065
VO,-7.143563,0.7133105,1.4792546
VO,-7.299088,0.52303386,1.5630319
VO,-7.773755,0.50485003,1.3503524
VO,-9.088136,-0.5812785,-1.9544935
VO,-8.916338,-0.056265034,-1.5446762
VO,-8.3776045,0.2871565,-1.9141164
VO,-8.714284,0.3350022,-0.9480526
VO,-8.48359,0.19140615,-1.158629
VO,-8.111862,-0.5770284,-0.9659199
VO,-8.227223,0.44501314,0.08232559
VO,-8.3805685,0.43950847,0.29371426
VO,-8.62585,0.21764143,-0.5284321
VO,-8.823594,0.094347775,-0.8967607
VO,-9.137805,0.012199731,-1.4689184
VO,-8.842208,0.22697361,-1.7263466
VO,-8.643207,0.65374464,-0.8947271
VO,-8.34651,0.5533135,-0.37513083
VO,-8.381457,0.41704914,-0.2427926
VO,-8.910769,1.2175711,0.349119
VO,-9.055361,0.869842,-0.5359053
VO,-9.3485365,0.46183747,-0.73956937
VO,-9.337139,0.5787494,-1.8269027
VO,-9.258082,0.23735471,-0.8764712
VO,-9.577253,1.7594036,2.3652384
VO,-8.939024,2.0928056,2.458905
VO,-8.63796,1.9348043,2.661666
VO,-8.927611,1.368098,2.509141
VO,-8.887275,1.2232292,2.545451
VO,-9.467,1.3135877,1.5804782
VO,-9.360251,0.9627381,1.8618057
VO,-8.86844,1.4220718,2.2435129
VO,-8.772942,1.2010634,2.2328823
VO,-8.933526,1.4642817,2.3365567
VO,-6.092417,0.68742895,5.750107
VO,-6.011949,1.0392772,5.775135
VO,-7.1480703,0.56963986,6.245273
VO,-5.8993726,0.1731527,6.02183
VO,-5.880381,0.7835968,5.68638
VO,-10.738858,1.8845618,0.46286747
VO,-9.889346,2.1161525,1.6666722
VO,-8.586323,1.3168331,2.7489307
VO,-5.986536,0.8018922,4.396126
VO,-7.09475,1.1393603,4.5761437
VO,-7.9494753,0.8023926,-1.0498296
VO,-8.179339,-0.017961783,-1.672342
VO,-8.832376,0.089718245,-3.0354624
VO,-9.167233,0.5816696,-3.1446226
VO,-8.830353,0.43146765,-2.5632517
VO,-8.441763,-0.21417925,-2.7078903
VO,-9.126078,0.22845781,-2.5967526
VO,-8.8452215,-0.09910607,-2.400498
VO,-9.223605,0.14347963,-2.855348
VO,-9.309883,0.1390437,-2.6902525
VO,-8.615912,0.4943105,-1.7373753
VO,-8.422879,0.8161069,-2.1047974
VO,-8.089004,0.21477644,-0.54434377
VO,-8.1313,0.7376039,-0.6276497
VO,-9.186862,1.9188129,1.3726833
VO,-10.501429,1.7948455,0.11490901
VO,-10.544442,1.782054,0.5299904
VO,-9.932694,1.8818916,1.0196587
VO,-9.102217,1.6940035,2.782122
VO,-8.833089,1.1465915,2.0769355
VO,-8.599231,0.70457107,0.9072344
VO,-9.568707,0.09111552,-1.6121433
VO,-9.663506,0.5319576,-2.2987642
VO,-9.609107,1.2988329,-1.3885573
VO,-8.484008,2.2400203,2.5031683
VO,-9.277915,0.4774478,-1.7330875
VO,-9.260234,0.1830776,-3.4776149
VO,-9.493205,-0.06336235,-4.0216827
VO,-9.476459,-0.033903927,-3.8901997
VO,-9.435585,0.0013539246,-3.8553445
VO,-9.708059,0.3776512,-2.2788904
VO,-10.340512,0.7898738,-2.463234
VO,-10.145233,1.1833446,1.3493516
VO,-10.159408,0.031538147,-3.0200384
VO,-10.134442,0.38162187,-2.800091
VO,-7.5089426,1.5650954,2.478959
VO,-8.019676,1.4743508,2.4974556
VO,-7.4873405,0.9814658,5.3430095
VO,-9.798768,0.723272,-2.8765514
VO,-7.692314,1.3434061,1.3536885
VO,-11.501864,-2.5601618,2.3661895
VO,-11.61229,-2.6017294,2.2458158
VO,-11.72142,-2.646568,2.1485202
VO,-11.7440195,-2.6681824,2.1587813
VO,-11.826628,-2.704122,2.1187825
VO,-12.055154,-2.83312,2.117139
VO,-11.297268,-2.4504979,2.5281081
VO,-10.56493,-1.97504,3.1316404
VO,-10.589212,-1.9807584,3.1482594
VO,-10.525832,-1.9012072,3.236233
VO,-10.559956,-1.77441,3.3510258
VO,-10.676869,-2.0009434,3.1010437
VO,-10.627304,-1.9920415,3.1097672
VO,-10.61478,-1.9891832,3.1435826
VO,-10.574135,-1.9481986,3.1739
VO,-12.238863,-2.8767693,1.9936267
VO,-12.45618,-2.96346,1.9384772
VO,-12.637366,-3.0248692,1.8392577
VO,-12.683433,-3.0411758,1.8433332
VO,-12.70258,-3.049978,1.8477961
