Feature 1,Feature 2,Oil Type
7.8016253,4.142898,GNO C
3.7006476,3.0017886,GNO C
-1.5759028,1.0820789,GNO C
-7.774474,3.758315,GNO C
-9.038331,1.0974576,GNO C
1.4170539,4.042168,GNO C
1.9118763,2.5707972,GNO C
0.57556087,2.9552283,GNO C
-0.47296938,0.46148822,GNO C
-7.241259,0.81367254,GNO C
2.7111962,4.2810073,GNO C
2.5571418,2.2525282,GNO C
1.1636887,3.153687,GNO C
-4.3782806,2.4336803,GNO C
-0.37436453,1.8190434,GNO C
2.1072376,4.0265555,GNO C
1.7940121,6.783389,GNO C
1.6824976,1.3053548,GNO C
-0.48168483,1.7613925,GNO C
0.96407133,3.601074,GNO C
-3.7449043,6.026953,GNO C
-1.8685699,-1.6127998,GNO C
6.992351,4.802434,GNO C
-1.0810927,2.3991039,GNO C
4.3288083,3.642335,GNO C
-4.3676696,-1.3544815,GNO C
-1.743485,-2.4633687,GNO C
6.6458464,3.3200524,GNO C
-1.5848323,-3.7990036,GNO C
-5.1542363,4.6799216,GNO C
-4.5164604,-5.044125,GNO C
-5.531839,0.004215964,GNO C
-3.6332588,1.197527,GNO C
5.715134,1.5397577,GNO C
4.950668,2.8459759,GNO C
0.9701053,1.6567929,GNO C
-4.107429,1.5747837,GNO C
-6.2622924,-0.9498572,GNO C
-2.2028437,3.2346785,GNO C
2.176564,3.0597188,GNO C
-0.8672636,-2.9259193,GNO C
-2.0554514,-1.3164752,GNO C
2.6805065,3.475271,GNO C
0.65830225,2.6202948,GNO C
8.473322,4.4049897,GNO C
-7.8676286,0.5798067,GNO C
-3.855403,-3.1719465,GNO C
-2.7603967,0.40342262,GNO C
-2.2238183,-3.1810198,GNO C
-4.011445,-2.6150293,GNO C
-7.2276525,-0.25060642,GNO C
-8.197021,-0.033093635,GNO C
-11.775346,-5.042528,GNO C
-5.0713444,-2.84812,GNO C
-1.9938675,-0.91534877,GNO C
-6.258609,-4.710682,GNO C
-3.103675,-3.46712,GNO C
3.0692706,4.7663846,GNO C
-0.4305032,-0.7681576,GNO C
-6.640994,5.1052227,GNO C
9.891005,7.273472,GNO C
7.351209,4.6280994,GNO C
8.093019,6.3149776,GNO C
5.0449376,3.1758394,GNO C
4.2018747,3.6559172,GNO C
9.598879,7.931733,GNO C
5.8450675,3.8729978,GNO C
5.223261,5.358765,GNO C
8.16161,5.427254,GNO C
1.851489,3.4386675,GNO C
7.048131,4.015659,GNO C
-1.2296357,9.808693,GNO C
2.5451589,3.337415,GNO C
2.659981,5.270085,GNO C
0.1861382,3.3078082,GNO C
8.969965,6.0977783,GNO C
7.036116,6.6417065,GNO C
3.0638957,4.5497565,GNO C
-2.4429479,6.179999,GNO C
3.1147928,3.5058966,GNO C
-10.01187,1.0939165,GNO C
-2.65121,-2.1549935,GNO C
7.130218,2.1099613,GNO C
-2.7860885,-4.8072267,GNO C
-1.6497384,-0.12373566,GNO C
-15.416752,-3.4181988,GNO C
5.7763333,3.486885,GNO C
-4.51559,-4.7040477,GNO C
-5.0010533,5.7082405,GNO C
-1.5623343,-0.5063979,GNO C
-4.637739,2.1254268,GNO C
-3.0043764,-3.4078934,GNO C
-4.6414633,-4.0038524,GNO C
-0.63936275,1.513097,GNO C
-2.9806576,-1.841286,GNO C
-1.8475246,-1.2138875,GNO C
-4.389073,-1.8878093,GNO C
-3.4030051,-5.1958647,GNO C
-4.4874043,0.37543347,GNO C
-4.542678,-4.1874886,GNO C
9.640307,5.649791,GNO C
8.506895,6.0667267,GNO C
7.583049,6.0485144,GNO C
3.7449358,4.4508896,GNO C
8.910859,5.360658,GNO C
6.035039,4.7564454,GNO C
6.42168,5.5283623,GNO C
4.8399606,4.465858,GNO C
4.861965,4.7238173,GNO C
6.5179048,5.4635115,GNO C
0.1947627,1.1080676,GNO C
4.667493,5.8460097,GNO C
6.9418306,6.140675,GNO C
0.6355724,1.8176309,GNO C
8.365033,5.771238,GNO C
6.4904146,5.6680436,GNO C
6.9608154,5.154503,GNO C
-0.3621832,2.9898508,GNO C
-0.7414668,0.6017268,GNO C
8.388401,5.9186325,GNO C
-9.401438,-4.113146,GNO C
-12.256532,-1.7539467,GNO C
-8.314428,-8.2294235,GNO C
-10.170653,-3.2040763,GNO C
-14.047649,-1.6284239,GNO C
-13.770349,0.9738639,GNO C
-11.319006,-2.4876213,GNO C
-11.014916,-3.3790421,GNO C
-11.601058,-0.20802629,GNO C
-7.9774747,-1.9222906,GNO C
-12.827583,-1.920696,GNO C
-14.461257,1.2330527,GNO C
-15.172629,0.752225,GNO C
-13.314714,-2.5441515,GNO C
-8.230434,0.7493431,GNO C
-13.759256,-0.10308529,GNO C
-15.531159,2.1552234,GNO C
-14.570718,2.0014906,GNO C
-15.268654,3.510563,GNO C
-15.224186,2.7543979,GNO C
-10.655367,-2.022904,GNO C
-9.972436,-4.6385684,GNO C
-6.5754457,-8.633542,GNO C
-11.235198,-2.7443063,GNO C
-9.485913,-2.9962049,GNO C
-5.176393,-1.9492955,GNO C
-9.768881,-4.346992,GNO C
-12.387281,-3.9242294,GNO C
-10.024975,-2.2492628,GNO C
-7.307721,-3.9609563,GNO C
-5.857196,-2.320959,GNO C
-6.4347606,-3.1980205,GNO C
-10.898975,-0.9161322,GNO C
-10.34915,-1.5376401,GNO C
-8.694143,-1.533804,GNO C
-10.376321,-0.5164957,GNO C
-10.41681,-2.4625528,GNO C
-5.2356205,-0.54943424,GNO C
-8.208875,-1.0838675,GNO C
-6.7220325,-3.930579,GNO C
4.1865373,5.2086625,GNO C
3.5494416,2.4064116,GNO C
-4.9206076,3.3844638,GNO C
-10.353731,2.9587908,GNO C
-8.358051,2.7762167,GNO C
-2.4866128,1.3109709,GNO C
-8.8906355,4.700228,GNO C
-8.592645,4.2071643,GNO C
-9.458468,2.3950427,GNO C
-7.8290963,-0.99435633,GNO C
-4.3806734,7.457025,GNO C
-0.84782785,-0.09457588,GNO C
-6.7287445,3.0530112,GNO C
-1.1523389,0.3095973,GNO C
-8.695289,1.0419959,GNO C
7.148702,5.6207514,GNO C
-1.9665465,0.56539387,GNO C
-7.731488,0.8873824,GNO C
-6.001294,2.8404806,GNO C
-8.781874,4.3151145,GNO C
-7.7673883,-7.111174,PO C
-3.8008478,-7.5358777,PO C
-1.9718822,-7.4076915,PO C
-0.94415486,-4.27255,PO C
-3.374474,-8.637266,PO C
9.680584,0.64217347,PO C
-14.097144,-4.5283036,PO C
-3.5734546,-7.526859,PO C
-5.3978324,-8.070703,PO C
-1.366787,-7.067352,PO C
-2.974716,-8.154744,PO C
-5.6206727,-8.12236,PO C
-3.7254584,-7.382033,PO C
-4.2849784,-7.644843,PO C
-3.1162364,-7.4020925,PO C
-3.3521056,-8.42991,PO C
-13.943647,-2.0903685,PO C
-13.225678,-4.2131643,PO C
-4.8479266,-7.8270288,PO C
-7.2276797,-5.6311364,PO C
-1.2763191,-8.656726,PO C
4.610316,-1.7125417,PO C
8.286863,0.508115,PO C
-0.60273975,-6.9292297,PO C
-4.5995226,-8.94097,PO C
-10.991219,-5.4345455,PO C
-9.177979,-5.8750715,PO C
0.08570627,-5.3081493,PO C
10.049179,-0.32100737,PO C
8.539512,-1.9011861,PO C
-1.5943075,-6.4941754,PO C
-1.7478858,-7.7241116,PO C
9.132067,3.3736458,PO C
-1.1469887,-5.304154,PO C
-0.13424982,-4.6427293,PO C
-1.8253402,-6.717017,PO C
-2.5157802,-6.683179,PO C
-0.35158843,-5.4514585,PO C
-2.403512,-5.3735886,PO C
-4.8572025,-2.8347044,PO C
-1.6316841,-5.5547214,PO C
11.321547,1.2854326,PO C
11.102785,0.6510745,PO C
10.69225,0.36630848,PO C
10.363108,0.4916743,PO C
-17.251713,-1.5316445,PO C
10.004468,1.3001205,PO C
13.506214,1.2361294,PO C
12.55668,1.0575535,PO C
10.75333,0.6713097,PO C
-10.946353,-6.494556,PO C
1.8149077,-2.6134894,PO C
13.715719,1.3014077,PO C
13.372792,1.1520791,PO C
13.390412,1.1613686,PO C
-15.283664,-1.9272712,PO C
-3.5123496,-9.111832,PO C
-2.400371,-5.915919,PO C
-5.271587,-3.3557258,PO C
-3.9284148,-4.5579953,PO C
12.604152,1.2407238,PO C
11.600876,1.5121224,PO C
11.892087,1.0806376,PO C
11.631822,1.3333387,PO C
11.394765,1.3441948,PO C
13.657446,1.2980751,PO C
12.472902,1.2153131,PO C
8.937605,0.48631167,PO C
11.704717,1.5300294,PO C
11.8433075,2.659874,PO C
13.226555,1.2722648,PO C
13.424988,1.2430501,PO C
10.025532,0.6644419,PO C
11.192344,1.3827024,PO C
12.01222,1.9955901,PO C
11.316227,1.8370209,PO C
10.679716,2.6562562,PO C
5.782786,0.15222694,PO C
3.8128731,-0.6291021,PO C
3.6737108,-0.67454684,PO C
0.27512816,-1.6622443,PO C
1.372412,-1.7509844,PO C
8.669794,0.38645995,PO C
3.5268164,-1.8176167,PO C
10.368194,0.5258925,PO C
-3.3914158,-5.961297,PO C
3.4576025,-1.9845735,PO C
-10.956325,-6.71971,PO C
2.2826245,-2.5248013,PO C
2.556052,-2.25905,PO C
-17.073137,1.1062028,PO C
-16.70837,2.119646,PO C
-16.621443,1.8357333,PO C
-16.874926,1.0702006,PO C
-16.580242,1.3867028,PO C
-16.586266,1.2824976,PO C
-15.788184,1.6001481,PO C
-16.941671,1.8403138,PO C
-16.46239,1.1501311,PO C
-16.853096,1.4820566,PO C
7.90764,2.7971094,PO C
-16.22411,-1.4011773,PO C
-14.366431,-2.706838,PO C
-6.689505,-7.57552,PO C
-1.9315377,-4.4135976,PO C
-16.184494,-0.7375559,PO C
-14.119029,-1.019132,PO C
-12.3340025,-2.9755938,PO C
-16.593801,-0.34465227,PO C
-11.556378,3.3474393,PO C
-15.222327,-0.20229127,PO C
-15.284563,-0.7651275,PO C
-15.519673,0.64969295,PO C
-14.936789,0.41200417,PO C
-16.263432,1.0968751,PO C
-14.890607,-0.5225565,PO C
-14.694532,-0.9228928,PO C
-12.134936,-2.5594652,PO C
-15.034936,0.8515648,PO C
-14.954638,1.4285088,PO C
-0.95422703,-7.5130157,PO C
6.5251184,1.1004742,PO C
10.093358,1.58761,PO C
-0.43833414,-5.0596957,PO C
0.3999476,-2.2888806,PO C
5.066421,0.09570466,PO C
10.8352785,2.8662796,PO C
11.390876,3.4024212,PO C
4.1725755,0.30264583,PO C
2.5941541,-1.2769592,PO C
10.704243,2.8482058,PO C
10.701239,2.531451,PO C
10.602274,2.66904,PO C
0.777526,-8.874306,PO C
-10.176717,3.5145633,PO C
2.4983609,1.4889239,PO C
3.002383,0.28074285,PO C
4.937759,0.046577442,PO C
-11.987587,3.8350604,PO C
-12.103374,2.8164527,PO C
0.4287671,-0.7190298,PO C
0.97860295,-0.602312,PO C
-11.615778,2.3351512,PO C
-14.948164,1.6867771,PO C
-13.208249,2.6527069,PO C
0.49156123,-0.34515113,PO C
-5.8032374,-1.8412515,PO C
-9.1801815,2.9479587,PO C
1.0374434,-0.49215,PO C
-10.759354,2.5649722,PO C
-13.579089,1.6027725,PO C
-5.730052,-1.2095976,PO C
-9.170589,2.9459393,PO C
-6.0654597,-2.775054,PO C
0.29946843,-0.6708377,PO C
-8.9639015,4.060572,PO C
-7.8809485,-1.50326,PO C
-0.54726684,-0.53029996,PO C
-6.7919397,-3.0331008,PO C
-6.0494046,-1.4759341,PO C
2.837624,-0.48230463,PO C
3.048146,0.4597632,PO C
3.1813588,0.8307143,PO C
2.2556427,0.17358176,PO C
1.0190147,0.7770373,PO C
1.3693194,0.035133377,PO C
2.3239772,-0.7332078,PO C
1.4753227,0.001392151,PO C
0.71022743,0.30760658,PO C
1.101876,-0.30686468,PO C
2.2821712,0.010378098,PO C
1.9422495,0.40404436,PO C
1.8535143,-0.25514242,PO C
1.9591738,-0.14925158,PO C
2.6191049,-0.15087824,PO C
5.6043787,-1.2083943,PO C
1.4614832,-1.0894791,PO C
2.3242278,-0.30558875,PO C
1.744575,-0.08239647,PO C
3.235554,0.16445401,PO C
-11.776236,1.533767,SO C
-6.6825004,0.14328116,SO C
-11.953402,1.4034853,SO C
-5.7915792,0.31900242,SO C
-1.0190469,6.142353,SO C
-10.586157,0.5682247,SO C
8.403215,8.009479,SO C
-5.8549867,1.8643515,SO C
-6.726098,3.7630472,SO C
2.9538972,6.9831123,SO C
-6.9051867,-1.5057024,SO C
-3.8183055,-0.72097147,SO C
-1.730897,1.5551158,SO C
-6.9474597,2.0921187,SO C
0.44407842,4.824804,SO C
-6.982019,-2.4395902,SO C
-7.4665236,-0.011019588,SO C
-9.864365,-0.46285468,SO C
-6.549697,0.9411546,SO C
-2.8603446,1.6687642,SO C
-6.656472,-6.7424746,SO C
-6.756014,0.5368423,SO C
-8.817138,-6.1734023,SO C
-11.611742,-0.82473785,SO C
-13.122712,-0.44478932,SO C
-10.858335,0.67793083,SO C
-13.479172,-1.1716893,SO C
-14.600403,1.1546907,SO C
-14.17191,1.6632551,SO C
-14.087061,0.40997225,SO C
-13.62551,-0.9137977,SO C
-14.023496,1.3301482,SO C
-12.394515,0.042182278,SO C
-11.682189,-0.9022205,SO C
-14.598257,2.0862732,SO C
-9.693961,-2.8197474,SO C
-14.626788,0.35463402,SO C
-13.604616,0.64292127,SO C
-14.073135,1.2682841,SO C
-14.080114,1.5630968,SO C
-0.25110558,4.6894703,SO C
7.890954,8.954389,SO C
5.671662,6.694362,SO C
8.405175,11.031867,SO C
2.541364,9.437314,SO C
2.4035614,6.1217175,SO C
2.1167278,9.282069,SO C
2.5474558,6.3458905,SO C
8.012011,11.539768,SO C
8.633214,11.863164,SO C
8.801995,11.894709,SO C
8.494962,11.8912945,SO C
2.8245778,9.586406,SO C
2.3627844,9.402778,SO C
10.6603,13.077205,SO C
2.2446036,6.022492,SO C
1.6684959,5.339933,SO C
-1.3900874,5.550086,SO C
1.6799779,5.977137,SO C
2.7470384,9.777127,SO C
4.0666494,6.812294,SO C
-7.6357036,1.5521996,SO C
-2.2884278,-2.6486852,SO C
-2.788367,7.560012,SO C
7.351415,7.5094295,SO C
-0.89302135,5.214086,SO C
2.0987709,4.886767,SO C
-5.351808,1.2277147,SO C
-10.452825,1.8524457,SO C
1.6272607,4.922719,SO C
-12.6583185,2.5416334,SO C
-7.2930346,2.4041154,SO C
-11.258489,1.479307,SO C
-13.951166,1.7299414,SO C
-14.953297,1.4374357,SO C
-11.015958,2.7934306,SO C
-12.2099285,1.8544923,SO C
-11.858198,0.95097065,SO C
-13.436846,1.7435576,SO C
-13.27066,1.6169535,SO C
6.185705,9.536061,SO C
6.2882943,8.52453,SO C
5.9353743,7.0396996,SO C
8.154053,7.7218614,SO C
-3.135764,-0.10837366,SO C
9.658071,11.477896,SO C
7.6609354,10.896775,SO C
5.3234496,7.101746,SO C
7.832298,7.8288245,SO C
0.1270755,9.719494,SO C
-5.3908205,-0.8121977,SO C
-9.589941,0.3590312,SO C
-7.3000703,-1.4687228,SO C
8.441175,8.13049,SO C
-7.132327,-2.826443,SO C
-7.2226562,-0.053145036,SO C
-6.60727,-1.9819242,SO C
-4.0172563,-0.36858484,SO C
9.683395,9.015429,SO C
-2.241777,2.2548559,SO C
-13.409462,0.16763347,SO C
-12.224899,-1.1267661,SO C
-7.5853453,-2.6157854,SO C
-7.039001,-0.57368976,SO C
-12.9737425,1.6589245,SO C
-10.21507,-1.7219435,SO C
-10.22324,-1.2670888,SO C
-9.287523,-1.6254758,SO C
-9.806896,0.6820753,SO C
-10.798967,0.2883412,SO C
-10.737964,-1.8147002,SO C
-9.9344225,-2.0213237,SO C
-8.789801,-2.287277,SO C
-3.270714,0.521799,SO C
-3.7847672,-0.43572342,SO C
-7.8305383,-2.9677136,SO C
-11.292221,-1.3915669,SO C
-4.0329914,-0.3628973,SO C
-4.1580963,-0.85481435,SO C
-7.0424814,-1.1466705,SO C
-10.357798,0.23102388,SO C
-5.8467765,1.454302,SO C
-7.752607,1.7452303,SO C
-10.480714,1.8863224,SO C
-8.078406,1.6943443,SO C
-5.4419904,2.2032797,SO C
-4.878985,-0.09870893,SO C
-5.9358563,1.0553842,SO C
-9.160021,-1.0659778,SO C
-10.523927,2.239514,SO C
-6.63218,-0.8119642,SO C
-3.229427,-0.39991045,SO C
-7.904462,2.7664185,SO C
-7.791803,1.87596,SO C
-8.53569,-1.3377358,SO C
-9.567498,-0.8977111,SO C
3.1437836,6.0936985,SO C
-0.6572634,8.222536,SO C
-3.7533329,0.4328014,SO C
-5.983421,2.4216015,SO C
-1.12847,4.4599237,SO C
3.7119992,7.627624,SO C
3.8684225,7.508952,SO C
-5.749726,4.139554,SO C
-0.7889726,3.6337972,SO C
-0.058488104,5.23283,SO C
3.3170283,7.636165,SO C
-0.2823345,5.068147,SO C
-5.959303,2.461924,SO C
-5.3893995,2.966067,SO C
-0.34757492,5.1304917,SO C
3.7376437,7.473379,SO C
4.0715733,9.234906,SO C
3.686941,7.224239,SO C
-1.7492028,4.6845365,SO C
8.049093,10.12706,SO C
-5.7897677,2.7732449,SO C
-3.1236155,-1.1095717,SO C
-13.349491,1.7723804,SO C
-13.305658,2.2754066,SO C
10.683695,12.892932,SO C
9.592213,11.824586,SO C
8.451553,11.08106,SO C
10.611638,12.745729,SO C
9.23707,11.157215,SO C
10.824481,13.059851,SO C
10.883938,13.086393,SO C
10.821056,13.015759,SO C
10.745424,12.993372,SO C
10.843621,12.999147,SO C
10.731687,12.981201,SO C
10.803506,12.997063,SO C
10.603748,12.778349,SO C
10.713134,12.944453,SO C
8.454393,9.622992,SO C
7.2299232,7.6309347,SO C
7.463484,7.573044,SO C
7.5065427,7.465937,SO C
0.5202346,8.685517,SO C
-6.414098,0.5442425,SO C
-11.487839,0.36950824,SOYO C
-9.660999,2.1411235,SOYO C
-11.774227,2.1760385,SOYO C
0.7416103,8.089365,SOYO C
-9.193265,-0.5604607,SOYO C
-6.767735,1.3482127,SOYO C
-11.954802,2.14489,SOYO C
-9.670081,1.9436688,SOYO C
-11.306113,0.010883747,SOYO C
-8.1937065,-0.68225664,SOYO C
-12.972025,1.5418242,SOYO C
-9.064835,0.24656937,SOYO C
-11.321869,1.1520818,SOYO C
-12.536189,0.27239877,SOYO C
-14.739928,4.3811145,SOYO C
-13.388072,0.8818112,SOYO C
-13.322758,1.723057,SOYO C
-13.937296,1.91292,SOYO C
-13.777804,1.0596979,SOYO C
-14.2228985,1.4617119,SOYO C
7.4617295,10.653225,SOYO C
4.274413,9.558745,SOYO C
0.26027283,6.1004744,SOYO C
1.532386,7.325437,SOYO C
-0.92850035,2.8281543,SOYO C
3.548398,6.926836,SOYO C
4.2996006,7.2109303,SOYO C
-1.2185876,4.437597,SOYO C
-2.1125243,4.343612,SOYO C
-1.6586459,4.9231343,SOYO C
-0.7472841,3.926399,SOYO C
-0.89501774,2.8550286,SOYO C
0.905902,5.6539507,SOYO C
2.8810651,7.757158,SOYO C
-0.56927615,4.8671675,SOYO C
-2.5212328,2.3383765,SOYO C
-1.5023695,4.7742753,SOYO C
3.4225445,8.811024,SOYO C
-0.6033993,5.1668224,SOYO C
-5.5860405,3.0371752,SOYO C
-10.040435,5.587583,SOYO C
-13.635984,3.0650382,SOYO C
-13.667777,2.2738597,SOYO C
-14.010819,2.8086467,SOYO C
-13.707995,2.4434357,SOYO C
-12.877225,3.1281378,SOYO C
-12.704309,1.4483817,SOYO C
-13.763367,0.95705956,SOYO C
-14.55374,2.8691714,SOYO C
-14.444693,2.8051078,SOYO C
-12.305801,0.9831844,SOYO C
-13.851702,4.329338,SOYO C
-13.335712,3.4365602,SOYO C
-14.291037,2.3283117,SOYO C
-14.068671,2.9772897,SOYO C
-12.742762,0.640587,SOYO C
-12.662807,1.7582598,SOYO C
-13.091821,2.0074346,SOYO C
-13.597117,1.5165857,SOYO C
-13.194909,2.16924,SOYO C
5.7498455,5.5911713,SOYO C
4.4223,6.446295,SOYO C
6.844874,8.35173,SOYO C
6.2502613,7.348183,SOYO C
6.444646,8.154781,SOYO C
-7.5372453,5.6623735,SOYO C
-0.07349146,7.1075892,SOYO C
-1.6559919,6.378461,SOYO C
-1.7845657,2.3860588,SOYO C
-6.6527615,-8.5717,SOYO C
-4.480663,0.75877535,SOYO C
-2.7185464,7.7762704,SOYO C
-6.193148,-5.906924,SOYO C
-3.3561811,0.66481626,SOYO C
-8.823543,0.26911506,SOYO C
-4.486636,-1.9542445,SOYO C
-7.214148,-4.1111283,SOYO C
-7.30658,-1.9578239,SOYO C
-11.397192,5.2625713,SOYO C
-13.462286,-3.252763,SOYO C
5.7077613,8.176471,SOYO C
3.7915895,8.3380165,SOYO C
-3.6169975,4.9076667,SOYO C
-9.973202,-7.984571,SOYO C
-1.287909,3.3152845,SOYO C
3.1635382,7.0446672,SOYO C
5.183007,6.916317,SOYO C
-3.2344983,4.23366,SOYO C
-3.4768665,2.5738065,SOYO C
-6.8318615,1.6223625,SOYO C
-0.1669093,5.969807,SOYO C
4.4491,8.016133,SOYO C
3.793523,7.0653424,SOYO C
-2.5409229,3.5944736,SOYO C
-3.767118,3.250274,SOYO C
0.7086508,5.050372,SOYO C
4.8885207,7.2074103,SOYO C
5.553389,7.390364,SOYO C
-2.3980737,3.039805,SOYO C
-4.717558,1.1239865,SOYO C
6.399699,11.274316,SOYO C
5.5008655,10.945471,SOYO C
4.744075,10.028657,SOYO C
8.576979,-1.9323938,SOYO C
7.8458147,8.154982,SOYO C
3.835815,6.2268925,SOYO C
-6.8318267,3.5953226,SOYO C
3.6577816,5.646931,SOYO C
0.2750417,-2.5763605,SOYO C
1.7255914,5.3791184,SOYO C
-2.9853137,3.8331516,SOYO C
-8.855058,1.8730066,SOYO C
-3.5954878,3.3809872,SOYO C
-4.6691675,4.116753,SOYO C
1.0462625,6.676554,SOYO C
0.6461729,5.5451636,SOYO C
-2.798247,4.8658113,SOYO C
-6.923957,1.0174549,SOYO C
-0.24960953,4.093576,SOYO C
-10.876164,4.0408173,SOYO C
5.2253723,8.7519455,SOYO C
3.0859935,6.8668404,SOYO C
-2.66816,5.255938,SOYO C
-1.1404976,7.5307837,SOYO C
3.9718795,8.249838,SOYO C
4.8483834,8.027684,SOYO C
1.7906264,7.7194176,SOYO C
1.0859859,5.2616587,SOYO C
2.1346962,-9.465054,SOYO C
5.0296288,8.214482,SOYO C
6.1055164,10.57659,SOYO C
5.2385244,7.7981815,SOYO C
4.461178,7.4689717,SOYO C
-0.6278993,-2.990362,SOYO C
5.5011573,8.6629,SOYO C
5.64298,8.25229,SOYO C
5.765714,9.931489,SOYO C
6.3519163,9.886505,SOYO C
3.722453,6.5833583,SOYO C
3.969063,8.639278,SOYO C
7.4824433,11.771581,SOYO C
5.257431,10.266436,SOYO C
5.6148553,10.151592,SOYO C
5.8448515,10.77633,SOYO C
0.7571183,6.168111,SOYO C
4.107916,10.618055,SOYO C
4.229645,10.281628,SOYO C
4.798165,9.544952,SOYO C
2.526053,7.745927,SOYO C
0.33418903,6.739849,SOYO C
5.6392136,9.662184,SOYO C
6.0976853,9.739708,SOYO C
6.1647363,9.766902,SOYO C
3.2407508,8.104642,SOYO C
2.1097937,8.142373,SOYO C
-13.013178,-0.8463073,SOYO C
-15.748574,2.565286,SOYO C
-17.413935,0.41913816,SOYO C
-16.265131,-0.38426605,SOYO C
-16.246243,3.0683677,SOYO C
8.963618,7.866437,SOYO C
8.1674185,8.760753,SOYO C
9.931033,9.594383,SOYO C
7.075666,9.974419,SOYO C
6.8633337,9.200194,SOYO C
9.345127,11.040731,SOYO C
10.648054,9.832894,SOYO C
9.948151,9.502471,SOYO C
8.216182,10.696427,SOYO C
10.336182,11.056802,SOYO C
10.101702,10.800654,SOYO C
8.912056,9.740688,SOYO C
10.301867,10.613336,SOYO C
9.598173,11.451948,SOYO C
-3.7389662,-1.5714178,SOYO C
9.16302,10.324119,SOYO C
10.392958,9.141784,SOYO C
10.136686,10.974922,SOYO C
10.265896,12.031985,SOYO C
9.867113,10.657842,SOYO C
11.242124,-7.410845,VO C
10.33943,-9.057436,VO C
2.9744709,-6.1793065,VO C
5.538948,-7.2742944,VO C
3.3673728,-5.376363,VO C
11.044242,-7.258944,VO C
11.155059,-7.6094413,VO C
3.7145314,-6.117745,VO C
5.6130524,-6.1846123,VO C
3.4958277,-5.526862,VO C
9.724904,-7.086171,VO C
11.174312,-7.108976,VO C
6.137394,-6.879158,VO C
5.7093444,-6.611278,VO C
6.303048,-5.751591,VO C
10.609337,-7.6704507,VO C
11.5212,-7.7456207,VO C
11.691332,-7.9430513,VO C
9.345596,-7.657793,VO C
9.35101,-7.026086,VO C
8.198998,-6.4572754,VO C
2.1113422,-7.320864,VO C
4.3717675,-8.39701,VO C
10.123664,-4.557216,VO C
3.9177706,-8.336686,VO C
5.5320415,-5.1517262,VO C
5.74057,-8.512047,VO C
3.9118657,-7.1275935,VO C
10.505689,-4.006035,VO C
8.628946,-5.7979255,VO C
6.3025784,-7.443399,VO C
3.370961,-5.657152,VO C
0.95810235,-6.806063,VO C
8.1188545,-6.5535355,VO C
4.318145,-8.022027,VO C
4.703224,-6.79031,VO C
2.2229939,-7.3945756,VO C
7.0065565,-6.3411837,VO C
4.9592648,-7.8991337,VO C
8.847249,-5.4520082,VO C
7.6156893,-7.9944353,VO C
9.833793,-8.359418,VO C
10.317916,-4.864127,VO C
10.404973,-7.620879,VO C
12.173642,-7.1273675,VO C
6.8019843,-8.281354,VO C
4.995881,-3.7831998,VO C
10.357287,-6.399389,VO C
11.379343,-4.777207,VO C
11.61443,-6.948519,VO C
9.312778,-9.161233,VO C
10.0114,-7.652757,VO C
10.569365,-7.060386,VO C
12.274938,-7.211341,VO C
12.153914,-7.1145577,VO C
5.9831967,-6.493316,VO C
8.665056,-8.212972,VO C
10.542876,-7.2811546,VO C
11.138059,-7.071386,VO C
11.873771,-7.175343,VO C
0.59165156,-7.7359385,VO C
7.096196,-7.4542313,VO C
9.055641,-6.113285,VO C
9.436546,-5.241795,VO C
9.465158,-5.6976194,VO C
4.6417065,-9.056464,VO C
6.884361,-7.3698807,VO C
5.180238,-6.7064676,VO C
10.3277445,-5.8846087,VO C
9.796426,-5.0032253,VO C
8.172961,-5.1662006,VO C
10.747516,-5.07926,VO C
4.9107995,-7.5878205,VO C
11.926527,-7.051317,VO C
10.7448015,-5.622037,VO C
11.129063,-4.1588,VO C
11.434901,-4.5445404,VO C
9.320375,-5.4646263,VO C
10.099917,-6.6263037,VO C
10.311412,-6.6293674,VO C
8.611088,-7.2111955,VO C
6.266992,-8.187495,VO C
10.55288,-8.158593,VO C
9.842798,-6.075925,VO C
9.698713,-6.6430635,VO C
11.505694,-8.573824,VO C
8.263138,-7.0724206,VO C
9.02786,-7.3835754,VO C
7.58586,-6.3210273,VO C
6.0871043,-6.9139853,VO C
8.980319,-7.4276314,VO C
7.9328146,-6.202935,VO C
7.221977,-7.0965657,VO C
4.4255776,-6.562479,VO C
3.8622954,-6.369063,VO C
7.444191,-8.747011,VO C
7.5490413,-6.8293953,VO C
6.384672,-7.0445914,VO C
5.6689277,-8.097055,VO C
0.7265306,-6.950527,VO C
7.4947762,-3.4758785,VO C
-7.0848746,-4.5796995,VO C
-5.6411576,-5.949348,VO C
-3.950406,-6.172342,VO C
-12.101356,-5.482342,VO C
3.4076018,-4.4531155,VO C
0.80202407,-6.855161,VO C
-0.98942536,-6.414442,VO C
-5.93384,-5.2661347,VO C
-7.740179,-6.3807554,VO C
1.6238093,-4.7624865,VO C
3.5640697,-6.819413,VO C
-5.375725,-6.802882,VO C
5.9239454,-3.6986313,VO C
-4.066531,-6.087054,VO C
2.010939,-4.8295026,VO C
-0.6353425,-6.2675767,VO C
-8.897953,-4.5659294,VO C
1.3385531,-3.778462,VO C
-3.1299858,-3.9457383,VO C
11.468486,-6.1486006,VO C
12.006284,-5.8657775,VO C
3.2056742,-5.635089,VO C
-15.619309,-0.12971488,VO C
-15.895817,1.34885,VO C
11.322376,-6.183495,VO C
11.223929,-5.7092304,VO C
12.016737,-5.8748293,VO C
10.802322,-6.1829653,VO C
12.859394,-6.053942,VO C
11.442012,-6.023561,VO C
12.473805,-5.755185,VO C
12.7951975,-6.0474386,VO C
12.164472,-6.404918,VO C
13.193136,-6.0965767,VO C
6.3255796,-5.310988,VO C
10.493957,-6.160422,VO C
12.159812,-5.69295,VO C
12.206599,-6.1864285,VO C
10.63157,-5.986945,VO C
8.791373,-3.237499,VO C
8.473179,-3.4987254,VO C
8.9949045,-4.367053,VO C
4.0056925,-5.508728,VO C
2.2984362,-6.328455,VO C
3.8083832,-7.6883802,VO C
2.9291098,-7.8951235,VO C
3.1774414,-7.205633,VO C
2.3024662,-9.223381,VO C
6.7850294,-4.6521063,VO C
5.633767,-4.8872557,VO C
4.4296246,-5.3466415,VO C
6.072153,-5.214462,VO C
4.6106186,-5.1825104,VO C
6.864788,-5.1304097,VO C
6.3982153,-5.235573,VO C
6.3334403,-5.132935,VO C
4.380494,-4.804708,VO C
2.9710262,-7.0076337,VO C
4.0401525,-4.9410276,VO C
-6.005439,-6.2615013,VO C
-8.195093,-5.0822115,VO C
-11.678191,-3.9162474,VO C
-8.335021,-4.150926,VO C
-7.3809347,-5.1923676,VO C
-4.799185,-5.8058515,VO C
-5.454887,-4.475223,VO C
-5.659676,-4.0094604,VO C
-3.0911133,-5.075696,VO C
-4.14234,-4.709181,VO C
7.5800633,2.1530979,VO C
-3.752583,-5.708652,VO C
-5.3055115,-5.2568755,VO C
-5.7062397,-5.571448,VO C
-9.202667,-2.0234594,VO C
-6.884855,-3.0270922,VO C
-8.699663,-2.649597,VO C
-8.421764,-2.8899107,VO C
-8.0066395,-3.3867598,VO C
-5.779018,-3.7678545,VO C
