Oil Type,Feature 1,Feature 2,Feature 3
GNO C,4.925897,-0.8489855,-1.3930845
GNO C,3.4472919,0.28850865,-0.97949547
GNO C,2.1992412,-1.8770171,-0.63295865
GNO C,-4.0785317,2.359799,-1.7209452
GNO C,-6.4084315,-0.14593032,4.3775334
GNO C,1.2295521,0.6705916,-2.365562
GNO C,2.0202134,1.4325438,-1.0665227
GNO C,1.218534,0.1584301,-0.8214752
GNO C,-0.91833097,1.1904266,-0.60133266
GNO C,-3.8927758,0.30101502,-0.3577085
GNO C,2.2574813,1.834918,-2.941674
GNO C,1.6608007,1.8562179,-1.717458
GNO C,0.9699777,1.1141042,-2.3497021
GNO C,-3.1129448,2.859274,-2.8298304
GNO C,-0.2678403,1.0085924,-1.4886714
GNO C,1.5915327,1.9632721,-2.7736566
GNO C,1.5513164,3.1273298,-3.4462748
GNO C,0.4998303,2.1652436,-0.97960633
GNO C,1.0780714,-1.0534625,-0.21852353
GNO C,0.5624647,1.4944185,-2.0012028
GNO C,0.6013395,-1.5570254,-1.5173194
GNO C,0.5604235,-3.7453313,-0.18591067
GNO C,4.2806616,-2.5104935,-2.5343916
GNO C,-0.76976633,3.8588238,-4.358497
GNO C,3.619766,1.7155628,-2.190226
GNO C,-2.0153432,-4.32056,-0.27401882
GNO C,0.36245817,-3.7540843,0.61137706
GNO C,3.1860921,-2.5533342,-1.2870638
GNO C,-0.31594846,-1.4773437,1.4794505
GNO C,-3.747118,0.88809186,-4.004206
GNO C,-2.0202866,-4.416919,2.3430138
GNO C,-2.1777837,-1.054697,0.060398847
GNO C,-1.7830456,-1.7863877,-1.8877778
GNO C,2.2447972,-3.0610893,-0.1211476
GNO C,4.0489154,1.7762426,-1.723674
GNO C,0.52126604,0.9113322,-0.48383334
GNO C,-2.7836468,4.899138,-2.9612584
GNO C,-3.8362923,-2.7103953,-1.5704124
GNO C,-0.8691959,-2.5136142,-3.9468732
GNO C,2.2059667,0.7672588,-1.2497238
GNO C,2.1584666,-1.424458,0.848353
GNO C,1.3979015,-3.7536695,-0.5832172
GNO C,2.3814762,0.44941187,-1.6033366
GNO C,1.1714138,0.1079277,-0.8429208
GNO C,5.5202546,-3.254549,-2.8447564
GNO C,-3.167951,0.7788177,0.16824524
GNO C,-1.3156918,-2.0281112,1.1248049
GNO C,-0.3750066,-2.3238683,-1.1300124
GNO C,-0.28189382,-0.9346187,0.38968718
GNO C,-2.779834,-2.6548948,-3.8918593
GNO C,-2.6462028,0.0055072624,0.20015576
GNO C,-4.7378263,0.58623296,2.6557763
GNO C,-5.3708096,2.3338072,3.1274016
GNO C,-2.6383266,0.4708282,2.8545425
GNO C,1.0514644,-2.882481,-0.5516101
GNO C,-3.2549725,-3.6433702,2.955643
GNO C,-0.6376659,0.0007384491,1.9307988
GNO C,2.4192946,-0.70211583,-2.055826
GNO C,-1.1217672,1.7256657,0.9170084
GNO C,-4.705388,2.320947,-3.7421088
GNO C,6.5429373,-2.6790917,-3.398484
GNO C,4.2998633,-1.8201549,-2.3163188
GNO C,5.3918877,-0.5137759,-3.7888076
GNO C,4.225187,1.6138176,-2.0428486
GNO C,3.5999079,2.3308046,-2.63458
GNO C,6.395866,-2.8120594,-4.1845922
GNO C,2.4092746,-2.4396963,-2.0219579
GNO C,3.6377444,-0.63555217,-2.5061657
GNO C,5.519186,0.95464045,-3.4489086
GNO C,1.5931131,0.38485187,-2.0609303
GNO C,3.2181277,-3.551175,-2.8063848
GNO C,2.016848,-3.613541,-1.1171386
GNO C,2.1843185,1.1914623,-1.9593221
GNO C,2.0413609,-1.077415,-2.8405826
GNO C,0.53325844,-0.28384015,-1.5038075
GNO C,6.0847063,-1.3562152,-3.189671
GNO C,4.3636127,-2.7802339,-3.383927
GNO C,2.4231677,-0.6569266,-1.8840381
GNO C,-1.0531176,0.08285299,-6.0987015
GNO C,2.5606227,1.1016835,-2.268839
GNO C,-4.901107,1.9234287,1.5139099
GNO C,0.09306081,-2.3532822,0.33343977
GNO C,0.89141816,-4.8338127,1.6183653
GNO C,-1.1525017,-3.2244854,1.7236022
GNO C,-1.4225372,0.18809132,-0.06759002
GNO C,-6.046879,3.1889622,2.8265367
GNO C,1.8106285,-2.4428997,-1.9512907
GNO C,-2.4365907,-4.1344514,1.6231954
GNO C,-2.9397254,-1.9871837,-5.3164444
GNO C,-0.9801015,0.21318004,0.35829797
GNO C,-3.364817,3.059812,-3.0090787
GNO C,-0.45161143,0.1263698,1.8232948
GNO C,-2.857454,-5.040772,0.9380194
GNO C,0.89091486,-1.5667157,0.0075174794
GNO C,-0.5713216,-4.2598033,-0.040467754
GNO C,1.4889588,-3.2619321,-0.5602461
GNO C,-2.7751808,-4.618143,-1.2978743
GNO C,-0.89899755,-4.6179166,2.1588454
GNO C,-1.3576078,-1.7039309,-0.49778852
GNO C,-2.6269395,-5.1801157,1.0266755
GNO C,6.50732,-0.337781,-3.145876
GNO C,5.6791673,0.1479369,-3.7359245
GNO C,5.2878914,-1.9166837,-3.1045477
GNO C,3.1957383,-1.2292631,-1.3018503
GNO C,5.812923,-0.56019574,-2.6825347
GNO C,3.2803304,-1.8426471,-2.8445761
GNO C,4.906377,-0.36616826,-2.6399796
GNO C,3.762261,0.6690468,-2.6098108
GNO C,3.7270648,0.4913607,-2.7068665
GNO C,4.34095,-1.0072104,-2.8390243
GNO C,-1.0739733,3.7310896,-2.3295612
GNO C,3.130956,-0.052614633,-3.2049518
GNO C,4.6071086,-0.032506254,-3.4809854
GNO C,-0.2090628,1.7251534,-1.6463908
GNO C,5.6910696,0.050644208,-3.3102353
GNO C,4.765856,-0.6282487,-2.8673286
GNO C,4.339411,-1.8136557,-2.8868487
GNO C,-2.0688024,2.3652606,-4.617418
GNO C,-0.21103731,0.4160479,-0.44946384
GNO C,5.6889143,-0.11389849,-3.514189
GNO C,-3.8378932,1.4114556,2.3378844
GNO C,-5.7758985,1.6079605,2.1509404
GNO C,-4.310737,-3.4600239,-2.088441
GNO C,-6.116292,-2.3550475,2.2104728
GNO C,-8.371989,-0.46001852,2.995361
GNO C,-7.908385,1.2555588,0.6784954
GNO C,-6.4932823,-0.6135839,2.0549831
GNO C,-5.1300654,0.2412585,1.8666596
GNO C,-6.33891,0.74007946,2.5574996
GNO C,-4.1755805,-1.8498269,0.65208155
GNO C,-7.3488164,-1.0369878,1.6593145
GNO C,-8.886216,1.1831057,0.14096412
GNO C,-8.104935,2.5368755,1.3238049
GNO C,-8.795852,-1.3170825,1.624959
GNO C,-2.5674038,1.2713245,0.050250456
GNO C,-7.4218283,1.4601997,1.5293734
GNO C,-9.803861,2.0296748,-0.166247
GNO C,-8.941375,2.0267577,-0.50746953
GNO C,-9.813405,2.0829203,-1.5379261
GNO C,-7.8206806,3.3580117,0.9848132
GNO C,-6.8024716,-3.2366776,0.8963457
GNO C,-3.671995,2.668675,1.9648107
GNO C,-4.055747,-3.466062,5.175255
GNO C,-6.025669,-1.1436268,2.8033168
GNO C,-5.695778,-2.4525294,1.4992013
GNO C,-1.741221,-2.7904575,0.22870287
GNO C,-3.6547208,2.3562737,1.9386933
GNO C,-8.228121,-1.0561318,3.3854642
GNO C,-6.3113127,-2.561132,0.36146668
GNO C,-4.214767,-3.9122636,1.940348
GNO C,-2.6701572,-1.7324471,0.7073026
GNO C,-2.9338586,-1.4731795,1.4474912
GNO C,-6.343144,-0.40459687,0.72264963
GNO C,-5.745665,-1.1004167,1.3015121
GNO C,-5.2915893,-2.6897676,-0.59651285
GNO C,-5.0695457,0.25300193,1.3516427
GNO C,-6.5536647,-1.8705751,0.74523723
GNO C,-1.924416,0.931436,1.4266453
GNO C,-4.3003716,-0.7923298,0.5353854
GNO C,-3.7429686,-2.8261309,1.8151575
GNO C,2.248358,-2.0327165,-3.5488975
GNO C,2.2035353,3.0844555,-2.2627454
GNO C,-2.0722587,2.4386733,-1.9845713
GNO C,-5.8356934,1.944794,-1.8922576
GNO C,-3.5733736,2.1253476,-0.58289784
GNO C,-0.92837733,-0.7844071,-1.395584
GNO C,-3.6067524,3.8661504,-0.94415045
GNO C,-4.067455,3.253043,-1.3017176
GNO C,-4.2774487,2.1071975,0.44220904
GNO C,-3.7329714,0.35117936,1.0559683
GNO C,0.80451506,-4.266626,-0.8544819
GNO C,-1.117071,1.0156733,-0.0021765977
GNO C,-3.1611414,1.7296929,-1.4153731
GNO C,-1.3591765,0.7201021,-0.491677
GNO C,-4.146657,0.9657523,-0.25474238
GNO C,4.7950506,-1.2317632,-2.4104664
GNO C,-1.2742133,5.152173,-2.1765165
GNO C,-3.3564122,0.9776746,-0.39222685
GNO C,-2.3508074,1.880478,-1.0490533
GNO C,-3.5052311,3.502792,-0.93323994
PO C,-3.972549,-0.47043544,4.07935
PO C,-1.6282591,-2.2249355,5.25853
PO C,-0.08578248,-1.7945045,4.557766
PO C,0.26208735,-1.6893504,1.7530218
PO C,-1.8294293,0.026966305,4.2364025
PO C,5.4940557,2.077816,-0.7507178
PO C,-6.153676,4.3350134,-0.2280254
PO C,-1.4704741,-1.3537264,4.730854
PO C,-3.3754675,-1.3626596,5.376318
PO C,0.5437248,-2.2880201,4.0769615
PO C,-1.4447408,-0.87963945,5.461628
PO C,-3.5137007,-1.5219779,5.550698
PO C,-1.5842178,-1.4407239,4.636666
PO C,-2.1674807,-1.6334387,5.1246753
PO C,-1.1480938,-1.4017838,4.558931
PO C,-1.7840596,-0.4755725,5.0122614
PO C,-7.6683707,0.43966222,3.142805
PO C,-3.6765387,-0.4224767,5.2452054
PO C,-2.766378,-0.96495765,5.1427493
PO C,-3.0038989,0.33847842,3.0128937
PO C,-0.038140718,-1.7934679,5.968704
PO C,3.2168372,1.8080788,-0.36844164
PO C,4.8999944,0.6159125,-0.041997932
PO C,0.16416582,-1.1209748,3.0995495
PO C,-2.820257,0.33334786,5.3734207
PO C,-5.5499473,0.5242278,4.0010505
PO C,-3.3477159,-0.16663381,1.3224645
PO C,2.1098583,-2.352914,2.6380885
PO C,6.3050594,2.502117,0.3106908
PO C,5.6006804,-2.7280812,0.63086843
PO C,0.27584285,-2.872113,3.733313
PO C,0.1396488,-2.483716,4.865143
PO C,6.9598045,-1.4991441,-1.5226396
PO C,0.5259979,-2.6120076,2.662239
PO C,1.7078826,-2.9312582,1.9495416
PO C,0.014240459,-1.8901473,3.9139183
PO C,-0.62968767,-1.950924,3.9717388
PO C,1.5939326,-2.665445,2.5301187
PO C,-0.28371507,-3.8020585,2.0874085
PO C,-2.498993,1.240364,2.8939953
PO C,0.420016,-3.7960858,2.349704
PO C,6.985531,0.45142192,-0.86239713
PO C,6.5942135,1.0841821,-0.6985751
PO C,6.65326,1.8840532,-0.2185376
PO C,6.3676343,1.9208069,-0.41306472
PO C,-7.734672,3.01108,3.6582813
PO C,5.9516068,1.5625464,-1.3113935
PO C,9.197081,0.9629132,-1.7642787
PO C,8.336687,1.2138382,-1.1857437
PO C,6.6980114,1.6374387,-0.5276011
PO C,-4.0189977,1.4855782,4.6955504
PO C,0.7897716,1.473572,1.1025854
PO C,9.376295,0.9241051,-2.0145428
PO C,9.071534,1.021617,-1.6710172
PO C,9.090139,1.0120405,-1.6693255
PO C,-7.6526437,1.8073018,3.140487
PO C,-1.9272674,0.29721728,4.2361703
PO C,-0.33057073,-3.8508048,3.3254983
PO C,-1.479012,-0.9306354,1.3056414
PO C,-1.5996203,-4.5341473,1.2368279
PO C,8.411779,0.5741013,-1.1334157
PO C,7.3380065,0.45196286,-1.2059965
PO C,7.610143,0.832379,-1.1617187
PO C,7.400868,0.68437296,-1.1900629
PO C,7.1056037,0.5292769,-0.82992053
PO C,9.335027,0.92578644,-1.9446297
PO C,8.195912,1.0083163,-1.3697517
PO C,5.3494935,1.0158063,-0.15972824
PO C,7.4917355,0.43873057,-0.715121
PO C,7.430028,-0.51731306,-1.6614046
PO C,8.952807,0.97014534,-1.5443577
PO C,9.116794,0.9202755,-1.7276831
PO C,6.0283155,2.1983032,-0.7482443
PO C,6.9513016,0.70488334,-0.7679885
PO C,7.852635,0.71004295,-0.16987233
PO C,7.563861,1.6677942,-0.57135373
PO C,6.9819403,2.4416676,-1.9276464
PO C,3.8685672,3.8115606,-0.2517972
PO C,1.857891,3.3058467,0.40243012
PO C,1.7314302,3.2363462,0.3674879
PO C,-2.3709872,3.7208803,0.87285703
PO C,0.30363607,1.7250408,0.14773928
PO C,5.0623446,1.0244747,-0.08684887
PO C,1.7993993,2.293231,0.74979866
PO C,6.235579,1.6521091,-0.33840466
PO C,-0.87504685,-1.8325794,2.5329528
PO C,1.803796,2.1465046,0.7871591
PO C,-3.949251,1.675726,4.7711887
PO C,1.5515074,0.96316665,0.45737308
PO C,2.419435,1.0333341,0.49500808
PO C,-9.582877,3.2894893,1.6065851
PO C,-9.531519,3.500402,0.36146203
PO C,-10.1035595,2.904626,0.5470249
PO C,-9.489838,3.0823565,1.5104015
PO C,-9.610519,2.9155087,1.0623622
PO C,-10.008477,2.605512,1.1061699
PO C,-9.386086,2.4941695,0.5660961
PO C,-10.143366,3.2365587,0.72813994
PO C,-10.047504,2.442001,1.1780168
PO C,-9.629729,3.2133634,1.1349092
PO C,2.5459452,-3.9009197,1.8416699
PO C,-9.35982,0.99724877,3.0470955
PO C,-7.3917103,-0.35881597,2.4875581
PO C,-4.217986,-3.1242933,4.3541265
PO C,-2.1832314,2.4704146,3.475465
PO C,-9.068356,1.8651584,2.6070454
PO C,-7.9135466,0.50491416,2.019978
PO C,-7.436587,-2.0891457,1.8954501
PO C,-10.16942,1.2882966,2.2152774
PO C,-5.9298587,3.2011392,0.4469004
PO C,-8.695156,1.1980811,1.7559171
PO C,-8.192731,2.1670783,2.4625523
PO C,-9.976098,0.5747952,0.065750845
PO C,-9.181095,1.0031521,1.1306355
PO C,-9.374051,2.5840175,1.2432386
PO C,-8.125779,1.7758524,2.1825716
PO C,-8.8989525,0.25449038,1.9838797
PO C,-6.2234054,0.10802607,3.6065555
PO C,-8.983945,1.4063333,0.90880203
PO C,-8.7921715,2.0152957,0.5246762
PO C,0.9523903,-2.3081384,4.4235516
PO C,3.1993737,-2.9652376,0.3729407
PO C,6.130513,0.7934514,-1.5832939
PO C,0.99206865,-1.8894649,2.443313
PO C,-1.1941466,3.6489556,2.005917
PO C,3.1434472,3.7185416,-0.1930922
PO C,7.098922,2.2582967,-2.156631
PO C,7.256032,1.1969262,-2.5909412
PO C,2.0425727,4.2395706,-0.3464695
PO C,0.57110965,3.4387841,1.0493351
PO C,7.180004,2.6505427,-2.109619
PO C,6.981771,2.329353,-1.8572245
PO C,6.9823856,2.5640686,-1.9341071
PO C,-0.3193147,2.1814609,5.707911
PO C,-4.7763157,3.444938,0.45299515
PO C,0.35419452,4.737011,-2.156011
PO C,1.111507,3.23013,-0.67961323
PO C,3.0450199,3.8070688,-0.18573491
PO C,-6.338213,3.56853,-0.87394536
PO C,-6.4075017,3.3674784,-0.3771424
PO C,-0.8213821,2.0015347,0.29503256
PO C,-0.8656579,2.9109535,0.348169
PO C,-6.10884,2.4155185,0.105812214
PO C,-8.337577,2.794666,0.27771577
PO C,-7.660532,2.8251863,0.024771435
PO C,-0.9110836,2.2891772,0.05160915
PO C,-2.509742,1.4698727,1.0881628
PO C,-3.5297058,2.5345368,0.10612673
PO C,-1.2340206,3.0208533,-0.38580692
PO C,-5.2993164,2.549649,0.15665543
PO C,-7.7051363,1.7183857,0.22229443
PO C,-2.305909,-0.022420375,1.1388664
PO C,-3.2990608,2.4180574,-0.00556491
PO C,-2.5032902,-3.0097206,1.118046
PO C,-1.2841874,2.286502,0.25587445
PO C,-2.7725623,3.3195226,-0.50626636
PO C,-4.125278,-0.6359572,0.9550581
PO C,-1.6625139,1.8064885,0.34280312
PO C,-3.0077388,-2.330308,1.1980389
PO C,-2.7550173,1.5195088,0.9088961
PO C,0.57571316,4.484365,-0.44124058
PO C,1.2033606,3.2621741,-0.93982905
PO C,1.09017,3.5363035,-1.4407326
PO C,0.2465881,3.4422057,-0.3960022
PO C,-0.5199803,2.5788841,-1.5739079
PO C,-0.69013995,3.1086736,-0.7287249
PO C,-0.2785218,4.312728,0.0017170309
PO C,-0.60918057,3.149646,-0.7049702
PO C,-1.0787477,3.4742527,-1.460888
PO C,-0.67801046,2.7465913,-0.07898179
PO C,0.22929585,3.5956905,-0.3989464
PO C,0.10049622,3.021266,-1.0260874
PO C,-0.46242183,3.6412833,-0.5221009
PO C,0.10253402,2.9101195,-0.17024171
PO C,0.61671495,3.4398558,-0.2789378
PO C,2.4212155,3.812459,-1.5482792
PO C,-1.4514167,3.9266934,-0.54089814
PO C,0.50038165,2.9996514,-0.023162186
PO C,-0.5019433,3.4918082,-0.65849805
PO C,1.2271178,3.1117785,-0.62972724
SO C,-6.5222507,2.585006,0.83875024
SO C,-3.2448728,-0.36251011,-0.41945288
SO C,-6.5625377,1.7209573,0.52323014
SO C,-2.6772535,-0.6928562,-0.59394324
SO C,-0.6105719,-0.26967192,-4.5216517
SO C,-5.8165097,0.58540416,0.115183435
SO C,5.466446,-2.7404485,-4.5197415
SO C,-2.841166,-0.101668134,-1.8041471
SO C,-3.6024902,1.5402808,-2.338995
SO C,2.2627656,0.5742762,-4.4678082
SO C,-3.3121657,-1.1823852,0.464365
SO C,-1.6864862,-3.3156898,-1.0400331
SO C,0.6170094,-1.6246839,-1.4427989
SO C,-3.3859031,-0.10573886,-1.1431284
SO C,0.67797214,0.600184,-3.5674763
SO C,-3.453203,-3.3710377,0.31380537
SO C,-3.7461016,-0.47751746,-0.38423142
SO C,-4.8966274,-0.5661236,-0.055888895
SO C,-3.3229187,-0.17444259,-1.047496
SO C,0.24050625,-2.6145146,-1.9628761
SO C,-4.169092,-2.922349,3.7752035
SO C,-4.5862284,-1.2834302,-2.0876293
SO C,-4.8383236,-1.5401984,4.5322843
SO C,-6.2211747,0.4155665,1.7280163
SO C,-7.06822,0.80754864,1.4404775
SO C,-5.7173476,1.0651376,0.713627
SO C,-7.9582863,-0.45513904,1.1867412
SO C,-8.801549,1.5090479,0.44690955
SO C,-8.36532,1.6356173,0.05100027
SO C,-7.8523216,2.3205063,0.8950518
SO C,-7.609723,0.44364846,1.7450887
SO C,-8.330694,1.3262339,0.04172341
SO C,-7.0424867,0.18205802,0.40260857
SO C,-7.07494,-0.84626347,0.46103132
SO C,-8.842873,2.4235687,-0.6676447
SO C,-5.7744575,-1.8665987,1.4935505
SO C,-9.371636,0.44400114,0.6750577
SO C,-7.879544,0.8230748,0.53566056
SO C,-8.394444,1.2742885,0.112879194
SO C,-8.318483,1.5652509,-0.09222109
SO C,-0.32332483,0.32365912,-3.5574505
SO C,5.577144,-1.7732736,-5.2223845
SO C,3.612239,-1.5386434,-3.9428139
SO C,6.8147364,-0.04284821,-5.5211544
SO C,2.6317933,2.2193983,-4.8496933
SO C,2.121781,1.6141448,-4.128617
SO C,2.285982,2.368174,-4.52418
SO C,2.116474,1.2873734,-4.2206855
SO C,6.8078322,0.70905566,-5.0681586
SO C,7.3545756,0.62643856,-5.3212795
SO C,7.4921193,0.5890321,-5.2093573
SO C,7.2508764,0.7483134,-5.065111
SO C,2.9588115,2.2239008,-4.855174
SO C,2.4843724,2.2790856,-4.6567945
SO C,9.31894,1.0165035,-5.292094
SO C,1.9636694,1.507143,-4.075029
SO C,1.3408388,0.88361526,-3.517456
SO C,-0.37289613,2.3343215,-3.0986702
SO C,1.560916,1.8136371,-4.0339823
SO C,3.060642,2.3997574,-4.875989
SO C,2.7134678,-0.60011965,-4.261566
SO C,-4.0834312,0.33183,-1.5822775
SO C,-0.26074526,-1.4211326,-0.18535753
SO C,-0.70524216,2.3479393,-6.1048126
SO C,4.402203,-2.739513,-4.436629
SO C,0.10211547,1.6483359,-3.2111652
SO C,1.2900587,-1.3391579,-2.2880933
SO C,-3.3480508,-1.4213812,-2.4879725
SO C,-5.233757,1.5485797,-0.728926
SO C,0.9786973,-0.4434448,-2.6129282
SO C,-7.093804,2.6592233,-0.5172945
SO C,-4.1745334,1.3311545,-1.2125484
SO C,-6.035084,1.4836704,-0.06405313
SO C,-8.033732,1.9620826,-0.039033044
SO C,-8.617421,2.237561,0.58002174
SO C,-5.5687604,2.4594111,-1.0386586
SO C,-6.762366,1.9591379,-0.052571062
SO C,-6.445321,1.3967886,0.5259899
SO C,-7.555683,1.8656911,-0.04520945
SO C,-7.470315,1.746614,-0.01462937
SO C,5.0510755,-0.08514179,-5.621814
SO C,4.5340033,-1.4671279,-5.3533196
SO C,3.2331667,-1.9823667,-4.372884
SO C,5.130866,-3.2211928,-4.645841
SO C,-0.516801,-3.4914577,-1.8738937
SO C,7.979759,-0.24589974,-5.5534687
SO C,6.286124,0.09758732,-5.4196467
SO C,3.7027292,-1.8222376,-4.4366946
SO C,5.0113416,-2.67826,-4.648714
SO C,0.9177599,-3.1639295,-3.841002
SO C,-2.5481365,-1.9402174,-0.44909665
SO C,-5.785016,-0.56231976,-1.0978854
SO C,-3.927418,-1.3495204,0.2354346
SO C,5.582105,-2.6749127,-4.766128
SO C,-2.9301565,-3.4282174,0.47786194
SO C,-3.8070548,-1.1999278,-0.9351741
SO C,-3.481574,-2.4348247,0.11285992
SO C,-2.061811,-2.9950721,-1.3918805
SO C,6.908751,-2.2161882,-4.7610373
SO C,-0.10762345,-2.1731348,-2.9134276
SO C,-8.383409,-0.24010979,0.32695192
SO C,-8.030167,-1.2187119,0.18358181
SO C,-2.939336,-3.1386075,-0.50542396
SO C,-3.316455,-0.73676926,0.2217713
SO C,-7.492284,1.2149574,-1.1545377
SO C,-6.177518,-1.4327669,0.84619784
SO C,-5.499799,-0.7171257,1.1185074
SO C,-5.462265,-1.911861,0.08880805
SO C,-5.437063,0.32098612,-0.44950324
SO C,-6.0462327,0.14918941,0.00072801765
SO C,-6.3061357,-1.137299,1.2588633
SO C,-6.0380483,-2.0202289,0.43670458
SO C,-4.389888,-3.490351,-0.30637345
SO C,-1.196731,-2.2682574,-1.4317445
SO C,-1.5497534,-3.1245666,-0.9332078
SO C,-4.310719,-2.7252262,1.0829202
SO C,-7.1841774,-1.6261352,0.2679441
SO C,-1.7478784,-2.8032384,-1.0111172
SO C,-1.8906593,-3.5009148,-0.69852924
SO C,-3.799349,-1.8644563,-0.47652423
SO C,-5.2752943,0.8597661,1.1180527
SO C,-2.810341,-0.7401851,-1.6025194
SO C,-4.373728,0.24106856,-1.6653507
SO C,-5.5903625,1.1774155,-1.3434204
SO C,-4.5650883,0.5452185,-1.1165639
SO C,-2.6143596,0.19969973,-2.1622953
SO C,-2.4020004,-1.7961046,-1.115355
SO C,-4.2720985,-1.0400771,-1.7106624
SO C,-5.2728243,-1.3322251,-0.12552008
SO C,-5.339332,1.8982592,-0.5267918
SO C,-4.041564,-2.5682526,-1.4613141
SO C,-0.8348524,-3.9033768,-1.3320762
SO C,-5.4177213,-0.11269681,-2.2812173
SO C,-4.1848207,0.53847766,-2.0455601
SO C,-4.747789,-2.2383316,-0.72088957
SO C,-6.0296044,-1.6161132,-0.75599766
SO C,1.9593434,-0.33714852,-3.6416972
SO C,-0.75096196,-3.6907594,-3.39449
SO C,-1.4044138,-2.9978514,-2.260294
SO C,-2.7534835,0.6821673,-1.9318663
SO C,-0.92145926,0.4862376,-3.306493
SO C,2.7723658,0.18503264,-4.958155
SO C,2.7861066,0.04576124,-5.0832543
SO C,-2.468501,1.5293969,-2.8972468
SO C,-0.59994113,0.073824815,-2.4138494
SO C,0.1099898,1.0034195,-3.827275
SO C,2.4791217,0.6106762,-4.9315977
SO C,-0.23128831,0.92512065,-3.8030462
SO C,-2.7155375,0.63709277,-2.012086
SO C,-2.0127966,0.9076441,-2.1218307
SO C,0.0048240395,1.292352,-3.514827
SO C,2.7217083,0.13372374,-4.7746677
SO C,3.4912117,0.95730174,-5.7169075
SO C,2.5837793,-0.035220418,-4.6322956
SO C,-1.51449,0.6369497,-2.964866
SO C,6.276137,-0.63086987,-5.547414
SO C,-2.47607,0.9067238,-1.9725184
SO C,-0.7482289,-3.7999868,-0.5732845
SO C,-7.7046876,1.5786886,-0.33114168
SO C,-7.6413636,1.8993014,-0.48660874
SO C,9.386868,0.6981856,-5.6673856
SO C,8.0711155,0.13727175,-5.9576573
SO C,6.938545,0.008695318,-6.268988
SO C,9.25087,0.55792,-5.635274
SO C,7.6287594,-0.28706715,-6.3001823
SO C,9.610552,0.8639386,-5.4729977
SO C,9.721337,0.8704298,-5.446855
SO C,9.600697,0.80361843,-5.465076
SO C,9.457441,0.8329897,-5.422741
SO C,9.648359,0.7488659,-5.4770603
SO C,9.440818,0.81729865,-5.4567227
SO C,9.56041,0.79469186,-5.4521832
SO C,9.229146,0.62475306,-5.4951396
SO C,9.404673,0.7780678,-5.4386744
SO C,6.251891,-1.7665867,-6.2589865
SO C,4.331595,-2.7407572,-4.826973
SO C,4.503422,-2.6661842,-4.5092063
SO C,4.311891,-3.06687,-4.347118
SO C,1.0455025,-3.372499,-2.5767064
SO C,-4.965392,-2.4629242,-2.926334
SOYO C,-6.880479,-0.28921914,-1.6581788
SOYO C,-4.6523547,1.9157822,-0.28906378
SOYO C,-6.3338,1.835559,-0.5162619
SOYO C,1.8285719,-2.8736763,-3.6146617
SOYO C,-5.485292,-0.6833803,-0.04992773
SOYO C,-4.427292,-0.5685738,-1.3452212
SOYO C,-6.507296,1.5982147,-1.0462778
SOYO C,-4.6880274,1.6862203,0.018673617
SOYO C,-6.6352606,-0.17315406,-0.21322393
SOYO C,-3.9434998,0.20227502,0.92241496
SOYO C,-7.7239885,0.75440174,-0.94547117
SOYO C,-5.1726484,-0.74443346,-1.0844284
SOYO C,-6.2340126,0.80490196,-0.60132223
SOYO C,-7.512016,-0.30536333,-0.4586529
SOYO C,-8.853534,-0.0059289127,-1.9003987
SOYO C,-8.2728,0.50698423,-0.2667452
SOYO C,-7.7566743,1.4664245,-0.5432566
SOYO C,-8.263855,1.8243933,-0.4889321
SOYO C,-8.291118,0.55081344,-0.95241153
SOYO C,-8.824928,1.4110622,-0.36372852
SOYO C,6.20414,-0.0032470713,-6.337354
SOYO C,3.5809104,1.0783529,-6.1946983
SOYO C,0.41180086,-0.57807887,-3.6736689
SOYO C,1.2635052,0.44540092,-5.544227
SOYO C,-0.6653529,3.5868094,-4.2748146
SOYO C,2.4281356,-0.5036402,-4.345489
SOYO C,2.8567123,-0.85626614,-4.6389923
SOYO C,-0.9895381,1.1618177,-2.9852638
SOYO C,-1.5503699,0.8805515,-3.6674242
SOYO C,-1.2038468,1.5196426,-3.6258242
SOYO C,-0.12215449,-0.54206806,-2.7565827
SOYO C,-0.50967735,0.4393524,-2.0596204
SOYO C,1.0506891,0.2909903,-4.3276415
SOYO C,2.2160475,-0.6778332,-5.7841144
SOYO C,-0.41051286,0.94746035,-3.5514693
SOYO C,-0.61800045,-0.8670692,-2.5686584
SOYO C,-1.0839403,1.196524,-3.51255
SOYO C,2.858514,1.1108663,-5.6648207
SOYO C,-0.3343777,1.5203509,-3.6587658
SOYO C,-2.1446848,1.1083229,-2.0238974
SOYO C,-6.5373273,-1.0238231,-2.7551212
SOYO C,-8.287855,0.7306271,-1.5927565
SOYO C,-8.005107,2.2248926,-0.8871708
SOYO C,-9.190607,0.46556413,-0.7737728
SOYO C,-8.952166,0.542946,-0.5750755
SOYO C,-7.3308434,1.7580315,-1.8791361
SOYO C,-7.101078,1.219548,-0.21258579
SOYO C,-8.386309,0.60894746,-0.053745966
SOYO C,-9.2062025,1.4007056,-1.4178169
SOYO C,-8.434845,2.8796697,-0.8785339
SOYO C,-6.671453,2.1070065,1.1795187
SOYO C,-8.745427,3.4105155,-1.8545382
SOYO C,-7.591045,2.633048,-1.503639
SOYO C,-8.7083645,1.767917,-1.1850923
SOYO C,-8.481681,1.6600668,-1.7831267
SOYO C,-7.739061,-0.06818946,-0.76887506
SOYO C,-7.0955677,1.134469,-0.63933295
SOYO C,-7.7778826,1.0405456,-1.0002644
SOYO C,-8.24107,0.8965671,-0.55710655
SOYO C,-7.6072564,2.0284204,-0.7261247
SOYO C,5.0999374,-2.8183112,-0.692904
SOYO C,1.8500822,-1.8284788,-5.208316
SOYO C,4.440005,-2.3612556,-6.059015
SOYO C,3.55549,-2.3644156,-5.437704
SOYO C,5.247519,1.9334553,-4.8100553
SOYO C,-4.7177005,-1.2596067,-4.265637
SOYO C,0.2040774,-1.672084,-4.303698
SOYO C,-1.2919672,0.8458566,-5.2374005
SOYO C,0.21891369,-2.1776626,-3.1038048
SOYO C,-4.1730776,-2.7464395,5.509814
SOYO C,-2.223991,-3.2109222,-2.5990515
SOYO C,-0.6513144,2.3402133,-6.252316
SOYO C,-2.5707946,-3.656017,3.782574
SOYO C,-1.2002718,-2.2186792,-1.5877311
SOYO C,-5.8901377,-1.7575474,-1.972466
SOYO C,-3.060269,-4.8187838,-1.4132056
SOYO C,-4.057425,-3.9029293,1.8239768
SOYO C,-5.2387,-3.840785,0.19559973
SOYO C,-7.2643833,-2.10358,-1.2603551
SOYO C,-9.090667,-1.823777,1.6988404
SOYO C,4.475285,-0.90889114,-4.7052855
SOYO C,2.2320087,-0.06815396,-6.503425
SOYO C,-2.2713976,-0.38832605,-5.1322126
SOYO C,-3.6541295,-0.27550855,-4.589853
SOYO C,-2.220308,2.2429056,-4.546291
SOYO C,2.0504687,-0.61838514,-4.533413
SOYO C,2.7402875,-2.6622317,-5.3228683
SOYO C,-1.4744216,-1.5699333,-4.190872
SOYO C,-2.6522744,-2.2585604,-3.8778007
SOYO C,-4.406674,-0.37925768,-2.9018085
SOYO C,-0.04695997,0.6470652,-4.6845403
SOYO C,2.7820776,-0.7852688,-5.761935
SOYO C,2.8766246,-0.04776855,-4.377739
SOYO C,-1.2091451,-1.4925104,-3.344211
SOYO C,-2.5380325,-0.72839284,-3.3713396
SOYO C,0.35642773,1.1578102,-5.155414
SOYO C,3.6194263,-0.95270854,-4.420024
SOYO C,3.218175,-1.8817873,-5.3560987
SOYO C,-0.5215484,-1.9984522,-3.28643
SOYO C,-2.251038,-1.425771,-2.029646
SOYO C,5.817101,1.0302454,-6.6099687
SOYO C,4.8683047,0.88286984,-7.0252542
SOYO C,3.8112934,0.3760871,-7.0420613
SOYO C,5.72641,-2.7356906,0.78555083
SOYO C,4.852014,-3.1280847,-5.4966135
SOYO C,1.8395512,-1.2673942,-4.166114
SOYO C,-3.9600592,0.84615743,-2.6686575
SOYO C,1.5941062,-1.5842857,-6.7423778
SOYO C,-1.4025657,4.0171494,2.3369315
SOYO C,1.321091,0.2315461,-3.404942
SOYO C,-1.387441,-0.45773017,-3.4747238
SOYO C,-5.2157393,1.120637,-2.2723515
SOYO C,-2.4318347,-0.6560259,-3.461123
SOYO C,-3.129565,0.23766597,-3.294595
SOYO C,0.6603734,-0.37839344,-5.0942903
SOYO C,0.2885755,-0.16128083,-4.405397
SOYO C,-1.8178709,-0.13870952,-4.7650476
SOYO C,-4.4428973,-0.94204545,-2.2871995
SOYO C,0.026042629,0.14050557,-2.996421
SOYO C,-5.5385637,3.0981271,-1.8137528
SOYO C,3.3081396,-1.4323207,-6.7719436
SOYO C,1.7239542,-0.23291112,-5.0916333
SOYO C,-2.017463,0.370772,-3.8149095
SOYO C,-0.02833615,-2.1960034,-5.315148
SOYO C,2.8239186,0.13917147,-5.811468
SOYO C,3.3441792,-0.74293184,-5.590271
SOYO C,0.9644272,-0.51887065,-5.9451513
SOYO C,1.0122637,0.04337635,-4.0824504
SOYO C,1.88541,1.4894438,7.427385
SOYO C,4.3172684,-0.39070466,-4.588154
SOYO C,5.26104,0.6799805,-6.259192
SOYO C,3.4108937,-1.1704845,-5.4673796
SOYO C,3.560513,-0.009041103,-4.554254
SOYO C,2.2729201,-1.418754,0.7939208
SOYO C,4.059572,-0.6028003,-5.605489
SOYO C,4.2045293,-0.5346312,-5.0725994
SOYO C,4.840213,0.39147842,-5.933783
SOYO C,5.1581306,-0.17143881,-5.937167
SOYO C,1.8117266,-1.0936147,-5.0784864
SOYO C,2.4766765,0.9896531,-6.7439246
SOYO C,7.0276933,0.6974395,-6.696536
SOYO C,4.494336,1.0816395,-5.952027
SOYO C,4.7257824,0.5689527,-6.184975
SOYO C,5.1729755,0.9198699,-6.3675103
SOYO C,0.8462405,0.95532054,-4.0920396
SOYO C,4.272534,0.8516086,-4.7730865
SOYO C,4.1040106,0.62343234,-4.916917
SOYO C,3.7463737,0.15891619,-6.3636384
SOYO C,2.998795,0.7032928,-4.1058497
SOYO C,0.71853495,1.9652877,-4.7300425
SOYO C,4.493017,0.15633059,-6.1017637
SOYO C,4.7036247,-0.3809725,-6.612052
SOYO C,4.84012,-0.25915772,-6.3037696
SOYO C,2.688542,0.79753804,-5.273605
SOYO C,3.5323586,0.9160255,-4.0932493
SOYO C,-6.4683924,3.1264648,1.6556185
SOYO C,-10.146254,1.9332753,-0.54103875
SOYO C,-9.893912,2.8508294,2.4507961
SOYO C,-9.396055,1.7192816,2.2107863
SOYO C,-8.423069,3.9156575,0.1689877
SOYO C,5.764031,-3.2724822,-3.966624
SOYO C,5.665844,-2.5741158,-5.663233
SOYO C,7.3674793,-1.9047915,-5.1085515
SOYO C,5.4453564,-0.947872,-6.4998126
SOYO C,4.7663207,-1.3852859,-6.9790444
SOYO C,7.558621,-0.568921,-6.126486
SOYO C,8.159401,-1.962237,-4.861702
SOYO C,7.3702893,-1.9826194,-5.0418572
SOYO C,6.659887,-0.42752227,-6.56145
SOYO C,8.457569,-1.0293843,-5.978286
SOYO C,8.079583,-1.0103068,-5.341614
SOYO C,6.7033634,-1.5114088,-5.665539
SOYO C,8.153318,-1.1613524,-5.0895433
SOYO C,7.891399,-0.22439533,-5.322257
SOYO C,-2.0333822,-4.4363794,-1.2976834
SOYO C,7.243417,-1.3505522,-6.5690727
SOYO C,7.593864,-2.3009417,-4.555587
SOYO C,8.216287,-0.96136236,-5.561057
SOYO C,8.709848,-0.011637182,-5.5386925
SOYO C,7.818391,-1.0707405,-5.4718184
VO C,7.2129517,2.3568592,4.3722076
VO C,6.6421394,3.7600265,3.8038707
VO C,1.458726,2.5547032,3.0893867
VO C,3.218208,2.3175356,2.9587948
VO C,1.1350515,2.0323977,3.4790752
VO C,6.9207525,2.1947649,4.5673842
VO C,6.788198,2.7249084,4.9933944
VO C,1.8522916,2.2209241,3.393729
VO C,2.8609698,2.44356,3.8405979
VO C,1.3000996,1.9196244,3.553492
VO C,5.771776,1.9597192,4.290709
VO C,7.1411223,1.8984951,4.5669994
VO C,3.3635635,1.8167099,3.5577176
VO C,3.0326288,2.1204243,3.6644084
VO C,3.5706272,2.2158697,4.593549
VO C,6.418109,2.59814,4.467522
VO C,7.097328,2.828328,5.176026
VO C,7.7542005,2.6671915,4.5700064
VO C,5.216284,2.4439526,4.625627
VO C,5.544369,1.9701235,4.298385
VO C,4.8478394,0.53523743,3.7269197
VO C,1.3581158,-0.18250906,4.0194497
VO C,2.477533,-0.81837,3.8475578
VO C,6.668477,-0.44850758,3.887146
VO C,2.5979722,-0.9468871,3.058918
VO C,3.0817108,2.8783808,5.0136914
VO C,3.6070633,-0.51374173,4.335159
VO C,1.9602752,0.3113805,3.3624017
VO C,7.2255425,0.6968423,2.503983
VO C,5.070788,-0.28753397,3.8927197
VO C,3.6088586,0.45229053,3.3534477
VO C,1.5471927,2.7349265,4.106428
VO C,0.17481752,0.024873275,4.401414
VO C,4.852091,0.86241287,3.6175117
VO C,2.9666798,-0.6012599,3.2419589
VO C,2.2222812,0.81424314,3.8619864
VO C,1.6114281,-0.2561402,4.2931046
VO C,4.063829,0.45375857,4.3355083
VO C,3.0445116,-0.2793107,3.8737886
VO C,5.545797,-0.24790372,4.383014
VO C,4.7581897,2.1321867,2.4981732
VO C,7.6821065,1.3265359,3.3548946
VO C,7.584502,0.30740318,3.744068
VO C,7.1159844,1.7171963,3.5367987
VO C,7.8587,1.8573195,5.260853
VO C,4.090444,-0.14053233,3.1529336
VO C,2.3567097,3.7013083,2.4994166
VO C,6.8533216,1.1121125,4.2126117
VO C,7.913714,0.63848627,4.2484145
VO C,7.3633213,1.7332703,5.0045476
VO C,6.246582,3.363877,2.816411
VO C,5.8250504,2.9648662,4.8109474
VO C,6.3543954,2.005042,4.7291474
VO C,7.6968665,2.2586176,5.5430737
VO C,7.844523,1.8277897,5.250351
VO C,3.376242,3.0491648,3.7494013
VO C,4.6464095,3.210418,5.0632734
VO C,6.299508,2.40667,4.85326
VO C,7.0128994,1.9706624,4.710636
VO C,7.8100367,1.7378302,4.8074427
VO C,1.1636846,-1.0756277,3.7087169
VO C,4.1344175,1.6607667,3.8847218
VO C,5.775954,0.6709148,3.609774
VO C,6.1577053,-0.15035552,3.5880284
VO C,6.008877,0.3961664,3.8597353
VO C,2.795754,-1.9583474,3.3143818
VO C,4.0362053,1.2323064,3.5748055
VO C,2.5918944,1.2545475,3.6137567
VO C,6.598193,0.4033531,4.8064995
VO C,6.776556,0.16275238,3.0420916
VO C,4.5980806,-0.19115716,5.1485023
VO C,6.9664736,0.44953918,4.125593
VO C,2.485523,0.07983197,4.4036984
VO C,7.8482585,1.5733038,4.918306
VO C,6.787947,0.22631507,5.266694
VO C,7.264464,-0.5495651,4.1724954
VO C,7.5227814,-0.10352365,4.4773045
VO C,6.0751653,0.13732412,3.4406383
VO C,6.196794,1.4437062,4.4143543
VO C,6.409582,1.4362193,4.3807917
VO C,5.2264037,2.0614996,3.5871189
VO C,3.5637574,1.2453961,2.6740377
VO C,6.6975775,2.478834,3.563254
VO C,6.807695,1.0192773,3.5716126
VO C,6.5695148,1.4342384,2.8655345
VO C,7.93547,2.8051047,3.819037
VO C,5.209702,1.3563886,3.1374834
VO C,5.207072,2.4587748,4.037559
VO C,4.466772,0.9008794,2.543861
VO C,3.1598597,1.2994742,3.6476927
VO C,5.161025,2.5154097,4.0911865
VO C,4.869407,0.8387661,2.2943008
VO C,4.18385,1.6930386,3.8688767
VO C,1.8586584,1.0131078,3.5719829
VO C,1.6521748,1.2499784,3.4953892
VO C,4.4018826,3.2181647,3.5509138
VO C,4.494997,1.3310798,3.8796303
VO C,3.4366884,1.270003,4.050228
VO C,3.2069645,0.1715435,3.0994344
VO C,0.17834324,-0.28365636,4.2365527
VO C,4.8347588,-1.6534278,2.7155511
VO C,-4.2226586,-4.435564,2.1068504
VO C,-2.857925,-1.814666,3.434853
VO C,-1.589429,-1.6076133,3.522332
VO C,-4.9686394,2.350442,3.9832263
VO C,0.76204437,2.076451,4.3354435
VO C,-0.11992923,0.1407472,4.5525045
VO C,0.34340703,-1.3167869,3.2456577
VO C,-3.0410264,-1.184655,3.0145876
VO C,-4.06035,-0.33769727,3.4559705
VO C,-0.58473414,1.8460734,3.4061806
VO C,1.6259654,0.10636281,3.4782078
VO C,-2.8508444,-2.6246514,4.1237245
VO C,2.904609,0.76037145,1.923082
VO C,-1.3525584,-2.4122064,2.848527
VO C,0.02826846,1.646095,3.6141744
VO C,0.43753922,-0.8807306,3.5130768
VO C,-4.481286,-0.81169116,2.4041514
VO C,0.027148083,2.2895837,2.2313216
VO C,-0.7920294,0.22765711,2.5513833
VO C,5.8938375,2.1498473,6.2369976
VO C,6.6642222,1.0232582,5.9823556
VO C,1.3682797,1.382462,5.268921
VO C,-9.699474,0.8160375,1.6329406
VO C,-10.271208,1.6740482,0.6520282
VO C,6.015415,1.8311269,5.842372
VO C,5.568467,1.3549495,6.06366
VO C,7.1083364,1.2703626,5.8889227
VO C,5.8599577,1.4838256,5.4148784
VO C,7.4563727,1.6746321,6.528405
VO C,6.172575,1.5955867,5.905119
VO C,6.7224603,1.6170411,6.5844965
VO C,7.5012155,1.6562283,6.4114957
VO C,6.889674,2.00009,5.972793
VO C,7.8198647,1.7432083,6.63849
VO C,3.8179662,2.01924,4.9603696
VO C,5.533685,1.4666387,5.2207804
VO C,6.807991,0.9415526,6.003816
VO C,6.9588823,1.7327925,6.044609
VO C,5.392901,1.4742519,5.504011
VO C,5.843592,-1.875942,2.0739055
VO C,5.641927,-1.6249725,2.4273376
VO C,5.346034,0.14263555,5.61319
VO C,1.8031118,1.6529963,6.174486
VO C,1.0159004,0.85004544,5.7425847
VO C,2.2399106,0.0931231,2.471461
VO C,1.9980881,-0.5940505,5.692726
VO C,1.8117471,0.37566808,5.376072
VO C,1.9927329,1.5809218,6.943715
VO C,3.8459573,2.2806463,6.0677686
VO C,2.8880646,1.8519719,5.7766066
VO C,1.9207412,1.6020304,5.257884
VO C,3.4528172,1.6775051,5.400403
VO C,1.9671584,1.8410757,5.2926164
VO C,4.2479005,1.7015616,5.464898
VO C,3.864927,1.9919902,5.2476106
VO C,3.8623154,1.9852163,5.3808227
VO C,1.7176077,2.1236932,5.0816927
VO C,1.602411,0.5881628,5.5283875
VO C,1.4795943,1.8572596,4.4302297
VO C,-3.2642367,-2.0819008,3.5509226
VO C,-3.2126184,-1.9945362,2.3064046
VO C,-7.2293096,-1.9858502,3.1989257
VO C,-4.5716634,-1.9633793,2.7910755
VO C,-3.4413273,-0.38892263,2.295427
VO C,-1.9912332,-2.2197988,3.2205598
VO C,-1.6649337,-0.76377755,2.5504487
VO C,-2.015506,-0.752849,2.1733623
VO C,-0.43978298,-4.375389,1.9594657
VO C,-1.811954,-4.262113,1.7314937
VO C,0.2885218,-4.771635,1.8524545
VO C,-1.2243103,-2.1088102,2.7558076
VO C,-2.4973881,-1.8534993,2.5069427
VO C,-2.8592944,-1.9315244,3.1282473
VO C,-4.8613143,-0.88555354,1.4858543
VO C,-2.748004,-2.8480153,1.1939116
VO C,-4.7996044,-1.7299134,1.3656168
VO C,-4.3910255,-1.9751866,1.5668104
VO C,-4.584078,-2.9857814,1.2404853
VO C,-2.1010725,-0.9581743,1.9967252
