Oil,1125.6800,1629.9740,1652.1510,2919.1540
GNO,0.1005555594110502,0.0924978520795482,1.45121700879348,1.0248798058562127
GNO,-0.0217868925501574,0.1797782960226506,1.4766948862387137,0.8927855518039846
GNO,-0.0254125177318736,0.0283723222961206,1.1429554737862375,0.9633111971764646
GNO,0.0272723698592861,0.1688725238669067,1.478306402461539,0.923424534438294
GNO,-0.1439926666604057,0.1058602638570718,1.1334108001660532,0.8024350447854616
GNO,-0.0480505952771526,0.1220571360513588,1.2512412775019288,0.8519664518391119
GNO,-0.038749053195382,0.1561726745906337,1.248322528249818,0.9450933130390722
GNO,0.0267466603712097,0.1436836545883657,1.2420788501809277,0.9396783965045178
GNO,0.0536659414045102,0.1511472235198552,1.3976816731927115,0.8358258290583825
GNO,0.034505584700398,0.0832933559673833,1.3407924759390992,0.9997234188725614
GNO,-0.0176921041575505,0.1379955806753532,1.511699682552489,1.2455863320405216
GNO,-0.1229676764434466,0.1264191420082675,1.2856064090215509,1.0472269176537423
GNO,-0.086119215847312,0.145890499887991,1.4161118134155095,0.9920163724800108
GNO,-0.1692476896710994,0.265651153845106,1.3364535416510182,1.030742154534623
GNO,-0.1278374316127122,0.1567745961770209,1.189618673526962,0.8215634701819594
GNO,-0.0991765431499199,0.1610377001198556,1.3266152165376752,0.8883889624007963
GNO,-0.0423858776526328,0.2644418909342365,1.3253487835970117,1.073240373912318
GNO,-0.1759198252898198,-0.0170821014910059,1.276745187220624,0.9201276494695606
GNO,-0.001086138707056,0.1543128982540435,1.3288289379848055,0.9534069313609044
GNO,0.0447773675344234,0.1163184475711074,1.1583518904801189,0.9261362964188464
GNO,-0.0017139316035228,0.0754447360038893,1.248436078070471,0.6142858438647911
GNO,-0.0500694570852158,-0.0399793977658972,1.226346052809289,0.7653745110624381
GNO,0.0558575907499944,0.1233916893666615,1.4505718782653,0.9743921156440548
GNO,-0.143163351731067,0.1691051104781994,1.4046630021548296,0.9105342529013722
GNO,-0.0047207662014169,0.1686667219615538,1.4778799473029456,0.7741100593439758
GNO,0.1130879007475372,0.195511624892662,1.275949232559474,0.9015516353164126
GNO,-0.1891217681814774,0.0410393293919056,1.3663045074882616,0.9403307312079704
GNO,0.0056687244999723,0.1404748685436465,1.31353977339959,0.8161649005238878
GNO,-0.0237107740237271,0.0949435584529355,1.2386566688093663,0.9591325455650016
GNO,-0.0244424386749615,0.1151466730868471,1.3347443313445722,1.222460958452078
GNO,0.01603240803891,0.1555635767290398,1.0870667374661491,0.7985313722661109
GNO,-0.0355652727086273,0.2098268838060694,1.3694842019344184,0.967234084358256
GNO,0.0978535848281005,0.0758150847484392,1.382221343498428,0.8759420152588161
GNO,-0.0881157292642377,0.1600134745689125,1.3052114467339622,0.9995172052675768
GNO,0.0126698039937813,0.126945022341559,1.4845726167056426,1.033308237651667
GNO,-0.0124599166707635,0.2043024711979565,1.3748153608628175,0.8355759337965378
GNO,-0.0456140314655818,0.2044190721522784,1.2160272987494491,0.7459260073078307
GNO,0.1526861323253536,0.1657837527143704,1.3524786654270615,0.518592184934526
GNO,0.0953782882319341,0.242159107630838,1.4809302528576576,0.9105296661258672
GNO,-0.1220768274531441,0.1817969533429407,1.2632022637322196,0.6889577467163291
GNO,-0.1403441414097318,0.1280352543727761,1.0846463385730536,0.8982726085644244
GNO,0.1045078648507147,0.0560314354237215,1.2748339884147937,1.0141910943493504
GNO,-0.0425916330694483,0.0809619990951065,1.2486398189608685,0.829887454147105
GNO,-0.0885387407181726,0.0264473382463598,1.3723498176617546,0.9282463616164351
GNO,0.2121703796030376,0.0735351628036536,1.4182051912674152,0.8543260805013895
GNO,0.061915724888701,0.0215114147124552,1.1562377686536804,0.7307969470503304
GNO,-0.0457968606812243,0.1654824658606001,1.0940521936317835,0.7307908730734197
GNO,-0.1705580281080373,0.1323599559226388,1.6106883830945646,0.7533109747863425
GNO,-0.0801856763571587,0.188539384748128,1.3882756536666254,0.8123731789228621
GNO,0.0110887484968996,0.0667760856717653,1.16894688177427,0.8221517380698462
GNO,-0.0917869057722457,0.08808432658366,1.330327646918238,0.7746030186877951
GNO,-0.0128156402659024,0.1917794976960287,1.1901025011184194,0.8935836271660231
GNO,-0.1658628607414994,0.1536750093353792,1.2072471928546031,0.9439919207177536
GNO,-0.209388629515807,0.1074613337944905,1.1909303491877874,0.6594414927961306
GNO,-0.1369297327295723,0.2054740787406383,1.3532741638474937,0.9342877269077392
GNO,-0.0292897614430504,0.1444397816285506,1.2271493995854472,1.0842800198185891
GNO,0.077658566952944,0.2302989164410261,1.7767636248950769,1.2619049183538644
GNO,0.1023446491189796,0.1330310208116302,1.4043132977416888,1.104625467169191
GNO,-0.0488777668085147,-0.0270590026374105,1.569171944110454,0.8369256349588408
GNO,0.0152934254410956,-0.0086805986713464,1.11041543470112,0.9068068560156312
GNO,0.2262710917687243,0.0175706267765582,1.443582546409158,0.8586793694005996
GNO,-0.0090689963753557,0.0397660057019468,1.3602215285642965,0.9416771842062286
GNO,0.0753588992012666,0.1126817474225163,1.3428337992217525,0.9663831735199389
GNO,0.0297901054176945,0.1436411705806391,1.5059517275005634,0.9843826361962954
GNO,-0.0328757386354881,0.1510328151204601,1.5102335000153335,1.0222249924378344
GNO,0.045477161644871,-0.0194181642392377,1.377365658822364,0.9867938922660666
GNO,0.060380742813405,0.1734572225666496,1.422595933698272,0.996097101522855
GNO,0.0202785546826133,0.184437276798799,1.3152930309629025,0.9368137126428714
GNO,-0.0366645139409889,0.1407640520852804,1.409240811850623,1.0492344164386336
GNO,0.0451355643751181,0.0350951949794962,1.5069406476863134,1.003977485437923
GNO,-0.1586993323236322,0.2305537277470335,1.3352378533739009,1.2633124390498338
GNO,-0.0030068256763661,0.0513675474021901,1.2987923487237416,0.8364189292272667
GNO,-0.0294037748257215,0.1811367609084675,1.4399411123027837,1.042312091039593
GNO,-0.0068999835637927,0.0627684042542347,1.2888033261699925,0.8650851326195819
GNO,0.0143042686230191,0.1423112807302723,1.5117093561850137,1.303752186813535
GNO,-0.0077863219512826,0.1331980493779808,1.4890650850773943,1.110880425230968
GNO,0.0848327112050512,0.1624608743469923,1.310533564025096,0.908853126405626
GNO,0.0724410777203995,0.0744297681734086,1.4131642457652596,0.9651623113485388
GNO,0.0238629044605611,0.0609147430627204,1.4094211037128783,0.8801675263721246
GNO,-0.0680362137640192,0.1840076659584652,1.212704664570799,0.9647286616737412
GNO,0.1483155796543873,0.1418890209372237,1.342083186409267,0.9089095911764302
GNO,0.1000000964455455,0.0267616356758663,1.3315120083242875,0.6586753953468314
GNO,-0.0337916614917567,0.0371516206296103,1.213410231192216,0.8500741695106476
GNO,0.1891798443449563,0.1337385611020561,1.3782570165095678,0.8071554749468177
GNO,0.0116349547938917,0.1094889404174845,1.293474693890028,0.82033376117891
GNO,-0.1036785336173194,0.0482178937295167,1.1769109144566143,0.7490658914874797
GNO,0.1999931299451548,0.1539886281786293,1.1331289079075306,0.7868577688067009
GNO,0.0382916096319081,0.0530043331319696,0.930325354634633,1.1185255372327678
GNO,-0.1095420546235009,0.1287705162572163,1.252773085225393,0.9740712687333496
GNO,0.0748285745960428,0.0534633025888733,1.172063159398499,0.9229892958937144
GNO,0.0044477462788946,0.1643801900925388,1.2386187669024291,0.6713156264719682
GNO,0.037407617727991,0.1932520115490767,1.391499720701857,1.0587147836025803
GNO,0.070942601875707,-0.0027570750741826,1.0866679116630655,0.809724816363713
GNO,-0.0030187759984878,0.0733790327404103,1.293734409919754,0.8358072312512432
GNO,0.095497784203878,-0.017948331073722,1.4328335466293465,0.9444882631756896
GNO,0.0100379927197506,0.2277669631160652,1.1904520525705655,0.5794954833724351
GNO,0.0502988757226594,-0.0192485457618927,1.2541922681035549,1.0049799540357736
GNO,0.1783184834936727,0.1483683201100071,1.190817059763911,0.8149148276668483
GNO,0.0778503168502043,0.0785054096977912,1.1940059529365716,0.8439989392028332
GNO,-0.1716799232939416,0.106458397125034,1.0589302658698754,1.0037891796308138
GNO,0.1073949074506884,0.0827894236421029,1.402693002277401,1.0868181594580464
GNO,-0.0185623886978603,0.1157510077833464,1.2785224026801445,1.054468859438902
GNO,-0.1428439817525472,0.1140997224465154,1.2405711115283036,1.0585091384318426
GNO,0.0277833755884459,0.0828537015178628,1.627609192410972,1.038208618804607
GNO,0.062963947120137,0.1074417094792726,1.4190332354121389,0.9735058974173956
GNO,0.0912227439669605,0.0231266842015939,1.293089112769592,1.092762709834522
GNO,0.0831761458515054,0.0346658004171942,1.4395212118923149,1.0227134747991329
GNO,-0.0087958156302628,0.1144145945193071,1.3237729705114936,0.9966898007621012
GNO,0.0370902042973143,0.1195603305872099,1.3932732026534629,0.9132487035677042
GNO,0.0597412537152149,0.1335723082344464,1.377506073101865,0.921595158691201
GNO,-0.009068746868881,0.1925414039001705,1.4205892643041445,1.1672780710528534
GNO,-0.019156129121522,0.1752729893096596,1.345948200520136,1.0983687552665713
GNO,0.0251448195437598,0.0464157278498434,1.225568944155054,1.0723174626682237
GNO,-0.1163934125330189,0.1519836217425293,1.1928523504694142,0.8136223900805176
GNO,-0.0395428059295587,0.1108273105956429,1.4045654406164436,1.0199115348042318
GNO,0.0620027260291516,0.1306744392153394,1.4243680765655906,1.0258023874498663
GNO,0.0360944968179474,0.0870679173620602,1.3371931012953044,1.15301569435328
GNO,0.0081652414789712,0.1300843567505179,1.477817025091268,0.9170368576292706
GNO,-0.0204535966166351,0.1351026741579686,1.2793320163279516,0.8987163373380255
GNO,0.0229732722844605,0.1775342211770358,1.3470359136070438,1.0048231798041702
GNO,-0.0027464434336377,0.0860346835154368,1.3628196404893913,0.8638591504944224
GNO,-0.2982504560811363,0.2777271837035313,1.189050678773449,0.8879626013334188
GNO,-0.103698559110167,0.024958563952426,1.21455167278053,0.6755464135924959
GNO,-0.2344930490346602,0.1654706670252557,1.0435873382931529,0.4406643107679779
GNO,-0.1834159303985615,0.3561606793884597,1.060052040605006,0.713501483417389
GNO,-0.2368899705681447,-0.0325731073256647,0.847857181190405,0.2952755910636138
GNO,-0.0576233448642339,0.2617866182069799,1.2698333098150714,0.8293834491091632
GNO,-0.2412550502198437,0.1605124259950277,0.6286791214149666,0.5100842941697887
GNO,-0.0334193800796414,0.0652362655652076,0.9792246498635616,0.459036437068706
GNO,-0.0157917864766553,0.0960050382788818,0.9634751531744644,0.557192345921778
GNO,-0.062500895395312,0.304257090835829,1.1155648613943157,0.5194026451325505
GNO,0.0117180703079357,0.2593446108208828,1.222451626448467,0.7045382855355926
GNO,-0.1902899370068961,0.1672978643446487,1.225712242777006,0.4284461311671688
GNO,0.1761841112128696,-0.0490486372008059,1.0067131221934498,0.6720211258819274
GNO,-0.1662636201531702,0.2372439952260214,1.2071707861654173,0.7549052988730645
GNO,-0.0149668857074765,0.3202184777618355,0.8398638409867583,0.5793457536851753
GNO,-0.253705202741379,0.0556849475013705,1.2159063222108035,0.3154647736002402
GNO,-0.5825670261416371,0.558705788609451,0.9085555412448296,-0.0328881526057726
GNO,-0.3111116878477158,-0.2134123332531453,0.7807377315644256,0.2148783039007581
GNO,-0.2002183247298589,0.42337987214459,0.6456374700421879,0.7356047092390431
GNO,-0.1938602050438291,0.1955252605235296,1.0772525605717218,0.7083136031662182
GNO,0.0625370139846159,0.0886882204775484,1.4842108989039011,0.8124815400343116
GNO,-0.0179561865754209,0.0667553112130565,1.2268262035648694,0.7219576532451378
GNO,-0.2059017601720071,-0.0739716898879387,1.1638588885719967,0.725678500124314
GNO,0.2940567247024533,-0.0093248668356545,1.1333403622881486,1.112355111884669
GNO,-0.0517635729193066,0.0506586656750084,1.1693324690667324,0.7366100049488677
GNO,-0.136564935968854,0.1906561100073994,1.2389440711936857,0.5662962068178538
GNO,0.0284395804207144,0.1815210963548427,0.7510016369854915,0.5025972442581689
GNO,-0.0540301155428026,0.1437425917042549,1.1640106721028411,0.772607670004646
GNO,0.0944412456812254,-0.0249775875876443,1.3278388301850754,0.7924725024696341
GNO,0.1191891185639819,0.1640704877295856,1.396419789556819,0.9203324717971288
GNO,0.4919781582324258,-0.0845851448435781,1.35198487047727,0.7727165124610617
GNO,0.1698829206252767,0.0215439541729133,1.1286467226390764,0.859028798183875
GNO,-0.4168938317763856,0.1023071996327265,1.0164482082500312,0.8891317888431188
GNO,0.1032081529119831,0.0047517919482851,1.1048774345395815,0.8354072749032457
GNO,0.1399196086125554,0.1382112509360294,1.3606314935726331,0.8620894086856602
GNO,0.1098839372216553,-0.0087385895391078,1.20346878037779,0.6792471267798078
GNO,-0.0428271517754542,0.0819564873881619,1.2346137050748611,1.0178545427617722
GNO,-0.0627615860713331,0.0428045263907482,0.9877469547474096,1.0115012849021232
GNO,0.163102219210386,0.0377486097298101,1.5154934267539164,0.7023337304204577
GNO,0.0126405959363192,0.1144510845595691,1.398036358499818,0.7986859941680851
GNO,-0.1068438953218909,0.1070812521056998,1.3391219649648611,0.6862037937766423
GNO,0.081698667316644,0.1071010515446854,1.444774129598022,0.9805629934355068
GNO,-0.1464413156891081,0.0277923257963891,1.2542272807664925,0.7095153682189989
GNO,-0.1216525824289922,0.1228127258593729,1.3093115201879149,0.8566518973995074
GNO,-0.0572689393579327,0.1307561122218113,1.4112937995112618,0.8170169689889593
GNO,0.1301416945696154,0.2571836812582342,1.3971981095795731,0.7705336055402635
GNO,-0.0054646867038717,0.2748919142490814,1.4736496364864298,1.0664917218862269
GNO,-0.0932926171164617,0.0324765308726559,1.3476036866425187,0.6973868439084817
GNO,-0.1080247643673081,0.1373055895590113,1.2572181428018512,0.7505655291270756
GNO,0.0800534291773779,0.0932795436793013,1.3187166178042409,0.8130916501026465
GNO,-0.2069339574436919,0.1068927174801177,1.2229500817368986,0.8209703554729526
GNO,-0.0693990128357897,0.1585152118760129,1.2754030451925962,1.0438775995734904
GNO,0.0048484278652823,0.2271825394756959,1.3585490628807622,0.8718545565351731
GNO,-0.0972361304638025,0.1584373589869495,1.035287325939238,0.6592539187530828
GNO,0.1121396196751417,0.0194154936602768,1.188631430640015,1.0195289223135628
GNO,-0.0008485606839312,0.0428248535399072,1.3621184653394125,0.7983864467987345
GNO,-0.0932275174182832,0.0707537278548973,1.3523494696753116,0.8288407028324565
GNO,-0.0167344877127946,0.0865717389174727,1.249732004220625,0.8108301321903838
GNO,-0.0031847299383567,0.199421551712787,1.2781311443161576,0.8439979719066127
PO,-0.0482970891845535,-0.0652300308786566,0.5543433403787045,0.4203820272227367
PO,-0.1913419777025776,0.0278542446516711,0.1712943733592088,0.9265521512995248
PO,-0.1410748679260778,0.1177291813290608,0.4722712595665783,0.8813750931026499
PO,0.048559419341326,0.080738100135449,0.7140342374023014,0.7897136080857371
PO,-0.1221557720162415,-0.0026234819423798,0.7393105037337564,0.8588587399773591
PO,-0.037002487058541,0.1417189399804584,0.7123450033219828,0.8637157010888852
PO,-0.1179693947460834,0.0274829268614447,1.0537264226673115,0.616330808458246
PO,0.0923828723002218,0.1012501459344904,0.7576193728213807,0.4036927809719241
PO,-0.0368788126984705,0.049203226014176,0.6238341522519444,0.8020240694949337
PO,-0.0586290174532749,0.077204134989243,0.6886639323206507,0.5532404054563707
PO,0.0631017173564708,0.0731195981393894,0.8058189980829158,0.8068857216369844
PO,-0.102067790467621,0.0634583614339428,0.7795959897514801,0.7403061622327944
PO,0.111606829455841,0.159543110574618,0.6387965531737237,0.8215889552869278
PO,0.0283496584005211,0.1290962010336471,0.8447463737407399,0.6065591059168655
PO,0.037874225995141,0.0951308787625868,1.141840380839157,0.6159956042171665
PO,-0.2328323717427574,-0.0640928257544932,0.8885143887425839,0.7613471030290829
PO,-0.0895742521091779,0.0494618013469702,0.8539976859050119,0.8472272754296859
PO,0.0356684813454187,0.0498541475469158,0.9552431024744734,0.7542975603159238
PO,-0.0974669111690297,-0.0401552612633808,0.7187403195949743,0.9312559456079174
PO,-0.0301953185380827,0.1341891242215141,0.8994334099033723,0.966939053708716
PO,0.0914779654222854,0.121965359806533,0.9170290304583932,0.934664185436168
PO,0.0583474565264307,0.0812991793862517,0.7680786911557455,0.8425030105140601
PO,-0.0033857525331276,0.0538241758734294,0.6899352787823826,0.9415596175052974
PO,0.1244301065013644,0.1209528417980828,0.9099582046010533,1.0188122411097127
PO,0.0261850365404585,0.1490542149965363,0.5030230189714983,0.61204132103251
PO,-0.0035214992909352,0.246428833024525,0.6255685458758447,1.0047425145226128
PO,0.0340316404102614,0.0301079852258316,0.844936304529636,1.065926453975366
PO,0.1464023362687478,0.1128073760713343,0.8648484870871277,0.961038904555126
PO,0.0637908284679609,0.1824611766207751,0.7465050184937788,0.8866524531616028
PO,0.1982894352877503,0.2056824179776983,0.8546791023205131,0.794121319034202
PO,-0.0638930192434811,0.1122446694335145,0.5957760787695184,0.9743049881844628
PO,0.3433475808438332,0.0788377593553928,0.8568090824085999,0.7672611254496152
PO,0.2707129401551592,0.0826264238778629,0.8822829848631342,0.8018918147138684
PO,0.1507011158655924,0.0875145567618684,0.7812547287998008,0.8294955940362614
PO,-0.029675876106834,-0.0196722133651965,0.7442597889518345,0.7601243008203856
PO,-0.1277737408714229,0.1800936448594912,0.5978942936748601,0.8780513629799712
PO,0.0834391928924587,0.1582083366038433,0.594035140868534,1.0728233241423566
PO,0.1638478877903825,-0.0039036189350331,0.6833180605233432,0.909559181650384
PO,0.093510290063434,0.0854894812004085,0.7103094412555055,0.963453365878168
PO,0.0368509009760521,-0.0048511674921812,0.7586963783378287,1.1124608600216848
PO,0.0997632420684392,-0.0346147564334281,0.7089095550279736,0.9622398731171712
PO,0.0277674036607149,0.0730871911755861,0.6409180313033671,0.8907760458148395
PO,0.0169385211088767,0.0693955930345146,0.7732357102479394,0.9137739037563803
PO,0.0536710904772116,0.1244538804208661,0.8190538000109518,1.047450400463231
PO,0.0013345517602502,0.1401825584800825,0.9357422785691816,1.002986890082482
PO,0.1186231405515741,0.1778255680404468,0.7127158099125763,0.6145791584987615
PO,0.0327730010088154,0.1385380718836467,0.7134860327392278,1.1612395793011574
PO,0.0672724094392933,0.1612593092709479,0.6893422891428931,0.9396303915705824
PO,-0.0127567678491441,0.1477271538809697,0.7205395674409938,1.083371406646494
PO,-0.039642581018972,0.1339117810510507,0.7670867015272256,0.8361215599506122
PO,-0.1042865212220018,0.0708886087385194,0.6165323775945464,0.8768767118176988
PO,-0.0108767442300984,0.1095053711076233,0.8545143754452134,0.9428980269975996
PO,0.0363117796658829,0.0745072509611367,0.8053441649723111,1.102184233441272
PO,0.0638617821601463,0.0563801861624498,0.9067661021266876,1.1356847892456257
PO,0.0267666149609337,0.117758112680725,0.8211288830223534,0.903782895095255
PO,-0.1092011144951674,0.3331945161194206,0.27801793093614,0.4605856735085044
PO,-0.0625310198153993,-0.0095871542986155,0.6506267685990161,0.7895822340852249
PO,0.4274503364398349,-0.0098916774874475,0.6280431958597549,1.1244476529390002
PO,0.1259176704474558,-0.0350636187732684,0.8626883150477666,1.8129462363581488
PO,-0.0382776074218657,0.0668323480127852,0.5022013892673319,1.45085177872719
PO,0.1394349739896008,0.1163908677126713,0.7165695073796474,0.9847109852653946
PO,0.1172231102611324,0.0134360271567781,0.7735999255704797,0.9902224284479728
PO,0.0488335669258411,0.0858580366703554,0.7562487031837682,1.0206351920206078
PO,0.079117401319222,0.0397067814791509,0.8154123120461477,1.0179584918478903
PO,-0.1071136709213177,0.1129095615554951,0.7562664845902788,1.3427048623664255
PO,0.0283806515069933,0.0838812026034509,0.7839388403255233,1.1260012460440794
PO,-0.0029090014726308,0.0496836236951055,0.7658189536066042,1.003856125285961
PO,0.1205059832925941,0.080480739447039,0.9390694930025512,1.1139707890546229
PO,0.1195603905457398,0.0437368952861302,0.8179377760526909,1.349665032164147
PO,0.0598508051632383,-0.0107595494257807,0.787468680755213,1.1060555950783773
PO,0.0883147785415704,0.0939312356576211,0.8433342008390047,1.0969563891954786
PO,0.0810255047923361,0.0774636143150426,0.8368311492360562,1.009930626723453
PO,0.054168783352253,0.0817778283790087,0.8721796295185154,1.067774774889898
PO,-0.0287896164946259,0.0421908782574767,0.7739136734500824,1.147359436821039
PO,0.0282355395716313,0.1530453191352818,0.9323186290196688,1.2039510500898682
PO,0.0443224223115509,0.0964082533875799,0.8110092401652182,1.1515291616869976
PO,0.206194479861918,0.1354140426525106,1.0070906248885605,1.8397258470626543
PO,0.2034865958710822,0.1514311261036251,0.9414369346324092,2.24456217535613
PO,-0.0783084536755748,0.0837405553780514,0.6662904638172987,1.398996092164041
PO,0.0705497828142434,0.1005038481915933,0.8552286004804175,1.5912780047980295
PO,-0.105542411184926,0.118492303390893,0.8991513832930721,0.8531059039504765
PO,0.0343866560275969,0.0439833116252666,0.7166896099435165,0.7104108666940449
PO,-0.0015466350338403,0.0934037451418191,0.8278276280406949,1.0101383547441058
PO,0.1156899459616448,0.1506624547465841,0.7360081326629451,0.8843312958115683
PO,0.0095285406021019,0.0626599487725151,0.8693781705402334,1.0256348145157923
PO,-0.0656471169014573,0.0530038216039521,0.7410776393209315,0.8224957235288203
PO,0.0196843158258301,0.1317031447580995,0.8227442199024431,0.9373420960406156
PO,-0.0303836370649467,0.1112877541095852,0.68011718432105,0.7642482679395741
PO,0.1134087149040032,0.0845023523975466,0.9178742249443822,0.7267161901000336
PO,0.0852561990021043,0.0585154568074843,0.9130988047928013,0.7754543145174049
PO,-0.1086766774677038,0.4013500707242283,0.8154660002249102,0.4535372430800569
PO,-0.2246410872360519,0.3206011149626549,0.7185158009738075,1.0229333011655657
PO,-0.2707407408490872,0.4969736436380493,0.5166296396307831,1.340511555652109
PO,-0.2901363050189167,0.1848598882250146,0.9432587559114584,0.9423399981233094
PO,-0.2722574397693325,0.2007371475626461,0.5790183137507106,0.9964269652528652
PO,-0.3469867022329617,0.4086831500322925,0.5495195519858647,1.0810896506652303
PO,0.0151849666096099,0.1018378232413248,-0.00414973776571,0.8439541709114127
PO,-0.0450289503198515,0.2396354482889043,0.815015825920702,0.6914088315055016
PO,-0.3705800146003035,-0.1046464192420876,0.2917406767659797,0.761280401293057
PO,-0.3885059074615728,0.0096909202012979,0.5618594502464589,0.1823184995853831
PO,0.1003889941437862,0.0259081689068888,0.7717211493812182,0.9649012108066632
PO,0.064341492474446,0.4452562292259666,0.8668346932447479,0.3836961946587305
PO,-0.1311458488056003,-0.0801102031883291,0.9561049989959108,0.5341955468321122
PO,-0.1420526562264029,0.2074309888642455,0.5345897912192811,0.4506487846176532
PO,0.1789248603076831,0.0395631215347849,0.8230657747660638,0.9621895433870236
PO,0.0120083864422884,0.0776809063948597,0.3459165226131809,0.4605270333593446
PO,0.1088540043296927,0.0921375231577482,0.7216380543186814,0.1130623267941141
PO,0.1288470421927732,0.2128392755021044,0.862840738632745,0.9076713103129672
PO,-0.0588795484127527,0.4278066034696074,0.7844498071538876,0.6382801178906794
PO,0.0263588452356798,0.1294744532405209,0.6384241515937741,0.7284646331910792
PO,-0.2380949125391745,-0.0314927699651783,0.9059915534730753,0.9928608316195042
PO,-0.0727589189901418,0.1110844261340154,0.3869611810881663,0.25812803246357
PO,-0.0043413544111766,0.1021767468490131,0.7611608148407301,1.0739847765163717
PO,-0.415105694599525,0.3406153633538928,0.8709428196219758,0.5230644257030248
PO,-0.3049760615339012,0.1860946767907409,0.558994956077062,0.4820583946176641
PO,-0.1841292280036989,0.1497977485822777,0.6967037760002078,0.36970337424838
PO,-0.3252801979499264,0.1966466894141455,0.4974361395869854,0.6257723218344504
PO,-0.1042968279921481,-0.187304126506682,0.814956504567633,0.6441843562717369
PO,0.0084429135494217,-0.0709235992788598,0.7505678402276147,0.3653942371261773
PO,-0.394003644542772,0.1726754304731382,0.7502188942374778,1.0457260420133052
PO,0.059659686366214,0.0554691426784447,0.8284989791959756,0.972199307397524
PO,-0.024499520183678,-0.0098760344619595,0.712274131942287,1.1109301720697218
PO,0.0568941990228152,0.0671414639151159,0.8185005022045971,0.9811521931212938
PO,0.1104971725747882,0.0171864125928227,0.8272514698058284,0.9627749554047922
PO,0.0958148041096267,0.0574914487175937,0.8984046968807482,1.0642905840899055
PO,0.2736659991636667,0.1277350604982473,0.877534213221384,1.7626146935049252
PO,0.2216601292112118,0.1728541747449456,0.9592499305084172,1.7446866578546314
PO,0.1581440753241358,0.1212819622807922,0.9039951113434996,1.793554315073826
PO,0.1187444556166682,0.2090255674069667,0.8863560757209789,1.648068415636402
PO,0.0233746693942263,0.0723705602099239,0.7954158327137943,1.552938147973414
PO,0.0954585159886263,0.1715581819151976,0.9461852433366308,1.8939111122257075
PO,0.0640345424569835,0.1630442933656314,0.903838212392406,1.4091540684025452
PO,0.1644977059727684,0.0918873942906954,0.9297377753766982,1.809496397731296
PO,-0.1006528670827187,0.0670749826787214,0.7687379812530988,1.2772858573553545
PO,0.078199403901444,0.2070670096878395,0.8223130645300468,1.2525944531522522
PO,0.0131838151950167,-0.0030612700615406,0.8029193814339494,1.4872704953015428
PO,0.0609404547252446,0.120959667868907,0.934434401086304,1.6966823560628428
PO,0.1831611865880063,0.1059912496808929,0.967445709121408,1.50469511768374
PO,-0.1133906860117801,0.1840642180721906,0.9280242787462352,1.1111698698318448
PO,-0.1454633029210678,0.0608616898106528,0.6350893299527282,1.542542647238125
PO,0.0386282430540721,0.0122700995262411,0.721611678411827,0.80268956679409
PO,-0.1081068715432515,0.0402008487964877,0.6483665532417259,0.9888937607622562
PO,0.1188734845953501,0.1038138109752107,0.6790997399529171,0.7932862258814228
PO,-0.1572852852895123,0.1681517245531313,0.5434232965425987,0.6842626270408557
PO,0.06564166139893,0.1476408262231544,0.6764423819437653,0.4610854607302221
PO,0.0232714574454951,0.1143324978347838,0.848416527852812,1.1343828767521449
PO,0.0354399915254463,0.0028419687845908,0.9597874198908012,1.0410012029220674
PO,-0.0961596631746261,0.0739505282581309,0.7704969630428798,0.7873655435937073
PO,-0.0003959967823043,0.0278842208078478,0.681498114674085,0.9785132401440364
PO,-0.0454350936568111,0.0686270305661255,0.7823389899104563,1.090486784073827
PO,-0.1631754602942928,0.1392525322653145,0.5216277790262601,0.6617628530706876
PO,0.112700588523171,-0.0077733937848426,0.6807674586544206,0.6507812172012726
PO,-0.0292135574038414,0.1065604953326084,0.79058958779926,0.6355930903838233
PO,-0.0552959180423518,-0.066846178811751,0.8598153394338107,0.979382016265861
PO,0.1536880402362498,0.0752560574953973,0.9049391850176156,0.7883052150045318
PO,0.0530328780717364,-0.0069976076404889,0.8319692612462127,1.0138707302492451
PO,0.0109813450120522,0.4248361761074295,0.7450676414516565,0.8022721414767634
PO,-0.0659194797656882,0.077727652081993,0.7475129601271933,0.8351901162128452
PO,0.0908965978543218,-0.1110050411193867,0.6300705826068695,0.8819142621295207
PO,0.0613847321701409,0.1315403570661369,0.916686953723302,0.989676059255744
PO,0.1227365380438589,0.1088711528043173,0.8454926711759038,1.0496738526860685
PO,0.1502706463972982,0.1252129260614574,0.8886283246415485,0.9789645140728164
PO,0.022261801121153,0.1290054115056629,0.7925212462079546,0.9263017019787791
PO,-0.0168725127064745,0.1798673185138908,0.8514876494240152,0.9782735617913348
PO,-0.0220070907439742,0.2202052527743531,0.7130638284663952,1.012788851503143
PO,-0.0105533016830625,0.0750921442350855,0.9070833030390396,1.1127648873000886
PO,0.0020149411953808,0.0684210852024368,0.9350861772704224,1.1886802648928827
PO,0.1918204888379147,0.068301970028137,0.9142311752412754,1.1411128145395777
PO,-0.0323789159031246,0.1319387950003336,0.885662906279811,1.0962640600869324
PO,0.0618765945144453,0.0853218502601129,0.8264349893085491,1.0004110543179137
PO,0.0021003642673762,0.0732713252852107,0.807363872094628,0.9621277760702808
PO,0.1222239264169916,0.130550508178171,0.7282884438664157,0.8820433503285875
PO,0.1105589103101418,-0.0021655699882094,0.8666011563980173,1.198591879965831
PO,0.0411792124527796,0.1284663532801965,0.7553525799830278,1.053216008972502
PO,-0.0186395712858931,0.017764391975112,0.8052366193828855,0.9331436353226036
PO,0.2879678832300297,0.1134447634386602,0.8001732468605222,0.918083410824794
PO,0.1794309715722115,0.0889134743671379,0.8348439774423164,0.6854968051529962
PO,0.151401112855793,0.1257464244176023,0.7930884366502198,1.0392561131023732
PO,-0.0120937484595853,0.1785200869656389,0.8322709481270064,1.1988154408466043
PO,0.1632580053740494,0.1112691062404282,0.8060368933245505,1.1740309375779443
SO,-0.012469340200833,-0.005642918968421,1.7542232753240214,0.353868718977079
SO,0.0506625851098498,0.0295015919998017,1.879859743331982,0.9108344564716228
SO,-0.1088761197499683,0.0719860736467666,2.0222709789290474,0.7102592282144932
SO,-0.0450632912252187,0.1019233769076998,1.755250267734813,0.9286084686062568
SO,-0.0455682710995055,0.1514201430616093,1.980285363533474,0.9169483223628878
SO,-0.0606619469010173,0.1052802068554654,1.807548153949472,0.7781685332228122
SO,-0.0112600411295997,0.0875402130856013,2.0631237758401664,1.1873124999233844
SO,-0.1068724041064106,0.0892253231328411,1.8130247805830373,0.9477655459114932
SO,-0.0500975741524817,0.1393582724045536,2.061709623684552,0.8857744727904051
SO,-0.060580253867185,0.1635437968323584,1.9531439434045068,0.9510451491141728
SO,-0.0765069521833029,0.0700968914562498,1.6297461550276708,0.5885267352582249
SO,-0.1867402359258221,-0.0077966269869436,1.6331165201696074,1.0284797155023104
SO,0.0752484352008626,0.0976710981723779,2.124730868028012,1.2726863224707985
SO,-0.0704330057578044,0.2223496403010432,2.0704109145658656,1.2241819224567432
SO,-0.0247512353907474,0.206626950581991,2.1803773518893808,0.9604792589556213
SO,0.1027547712470722,-0.024167716966106,1.7317685022870613,1.1029887603722934
SO,-0.1622511651613159,0.0009406388414191,1.8751546444761156,1.0886325853817045
SO,-0.2460484847302455,0.1541811211429323,2.044630332253085,0.6171017461426377
SO,-0.0213642666398948,0.2421339182319703,2.4334583572109163,1.1532170134910162
SO,-0.0726028649298017,-0.0542282603605224,2.036849562034566,1.1169700890527052
SO,-0.0767031365997027,0.0827572429426459,1.5404996682281258,0.4782989934079095
SO,-0.0689468991706158,0.3043621744494058,1.8923606138550275,0.8561169944580946
SO,0.0967847191181896,-0.0901185044762926,1.62624252061143,0.4498060461769119
SO,0.0519692560163987,0.0998450251776554,1.3795704644660065,0.3310541857651278
SO,-0.1845088295745846,0.0798956134122894,1.4139925407026408,0.1703242622803699
SO,-0.0701703750497465,0.1673470545579749,1.4162674791012446,0.8183701333407889
SO,-0.310781123285389,0.0402564341230891,1.1541487335825664,0.7642847882917587
SO,-0.547510466050998,0.2172881243936296,0.8937229099180104,0.6055595760053234
SO,0.0687814820448331,0.346594122203889,1.0672825915109148,1.2282379819045073
SO,-0.3923649154865616,0.4412868213833718,1.3068222372744782,0.9311018978405716
SO,-0.0464891264232548,0.1158652274284334,1.6637204993097578,0.5206089992144339
SO,-0.1448549459547573,-0.1193899420386461,1.57933564320354,0.4755764819072561
SO,-0.2460236559271257,0.1886900974584878,0.4770173958580949,0.6118466720570049
SO,-0.2323193162431357,0.1976658649455381,1.5245200654750242,0.1547061368380468
SO,-0.1348212636498552,0.3225914786197877,1.0824831229200331,0.4578715343082719
SO,-0.1269533381085281,-0.0471189487083764,1.6516582785131024,0.5930256542472095
SO,-0.1598671282553017,0.0109592610148795,1.0744163650222571,-0.2846198317445142
SO,-0.2953216658393479,-0.0877112481186881,1.453336272309737,0.3490190312376217
SO,0.0486318226121286,0.0126382651449061,1.22553663789093,0.2780535902786719
SO,-0.3575896818520724,0.1919202902210068,1.9341900116322908,0.5764002834933742
SO,-0.0437310654136012,0.0789633688619955,2.0335447135812355,0.9413141442057908
SO,0.078167591952711,0.0910091694847189,2.135886199207833,1.0960180744673491
SO,0.056775650332973,0.091890072545502,2.1625472962346644,1.191961761429472
SO,-0.0013908184381467,0.1248088516614818,2.1225760601474555,1.374831142364174
SO,-0.0672661502009828,0.1438658758446969,2.1563111896822003,1.5882258170651131
SO,0.0471963922083558,0.140836566623231,2.2464915804670587,1.8462106664390256
SO,0.2167821315630788,0.186272697487745,2.391343111269304,2.2061968187656014
SO,0.0196283426712523,0.2484628348522429,2.332648712322124,1.9735714286157728
SO,0.0409522139373594,0.2068898752778044,2.403050760529482,1.9101707392914773
SO,0.0003823433180454,0.1955675774747922,2.383447090420275,1.605147590942316
SO,0.0488211042755244,0.1744673335914692,2.5370074089795223,1.9087222265695745
SO,0.1327500564334691,0.1232340219425187,2.2324604029129063,1.9754851781246845
SO,-0.001483755881468,0.1817055786250417,2.383741697619594,2.4365675972774863
SO,0.0288253856386663,0.2010422935262404,2.5599986861986124,2.5129870048614937
SO,0.0203202703272922,0.1698397147143819,2.427564781355163,2.0595167508725853
SO,0.0380198904080585,0.1331159485012088,2.1768991954370938,2.251417825724197
SO,0.0541703223803689,0.2113192042924133,2.365023911594767,2.048015776937546
SO,-0.0922208651020471,0.1614488892302333,2.262647752248959,1.7601118019562692
SO,-0.0199316149567764,0.1780538611246504,2.273311865294726,1.928827174078168
SO,0.0324964679093691,0.1849997960447836,1.9950260617060211,1.7932549112365712
SO,-0.0989625917111765,0.0373977887119326,1.990127738124724,1.0434342902635851
SO,-0.1053235095958723,0.0983078991165372,1.7995271009407146,0.6289086393726528
SO,0.142070387709277,0.0379601087470608,2.032422257743201,0.9251712638640506
SO,0.0060063297014108,0.0982847070861883,2.1339653246778334,1.365501893706932
SO,0.0403059400718561,0.1015498849543521,2.284177917750994,1.5080901254647143
SO,-0.0156207474845036,0.1678561818746532,2.458182574354945,1.7243731423612627
SO,-0.052703081267191,0.1533829392238813,2.0944354197702206,1.5765148186776303
SO,-0.0663440554083999,0.2460306906180962,2.3551405688250924,1.7737585956834334
SO,-0.0931281221461078,0.2032263630604699,1.9661293476222528,2.0966873604572385
SO,-0.0202340052423478,0.0361712035257826,2.199127249258789,1.9558693513611016
SO,0.0635886982968186,0.1255031571132478,1.7413967137622806,1.3967821759760797
SO,0.1416119442010367,0.1325379602328106,2.1935980607359657,1.9597190532842836
SO,-0.0913471403436455,0.1491957643588417,2.035720032669816,1.2455124294694495
SO,-0.1183311293932233,0.2114597876111737,1.758065738561232,1.11321669538864
SO,0.0460320294814259,0.1240900718770894,1.800174620660094,0.1893520843172014
SO,-0.0828622810778837,0.1387080537190201,1.9263930223341463,1.6724606481602595
SO,-0.0972032885899313,0.0006833946739406,2.063725020107841,1.8917425515415067
SO,-0.1739015323764682,-0.0828943076280481,1.8393553040379595,1.6570104617893384
SO,-0.0047848065455197,0.2659361026833673,1.6005411206026423,1.1612559443878183
SO,0.0782881716686711,0.3349458383627589,1.7963659011053066,1.2530699117544155
SO,-0.0527612430276696,0.1174225364732916,1.88569845404112,1.102078049962139
SO,0.0113369979377592,0.2004431149408002,2.132043431939654,1.064673147640699
SO,-0.0294722326218863,0.0884266407757589,2.171586420019082,1.1495193320374475
SO,-0.053968632668806,-0.0118208296494694,2.0030624195483515,1.0438921942492945
SO,0.0826054391843703,0.0523540608116822,1.824339934373075,0.4982262157875728
SO,0.0885697253332803,0.0680313013508064,2.186720227697996,1.224543161680148
SO,0.0108565692366829,0.1171394248824299,2.2460238060075217,1.0081490220485338
SO,-0.0439629700252778,0.1821221376669928,2.0389818695009043,0.9857136455041466
SO,0.0061638562510063,0.1406813506825083,1.9917234836363096,0.8790457746226263
SO,-0.1413261454035067,0.1410487204947343,1.9635943811895584,0.9212949415837312
SO,-0.2910676533159408,0.1308747395344286,1.6130069138445329,0.7596736110582509
SO,0.1049439019096969,0.1724456496673573,1.8666103923804749,0.555385665741986
SO,0.1085437514373637,0.0590592903281931,1.707761052295117,1.0833813878563712
SO,0.0232951837449531,0.1198954177170271,2.057025449120044,0.9526918909934452
SO,0.0898740826145049,0.0790218076342849,1.8011762493187629,0.4746039658343551
SO,-0.0011472825965742,0.0083810367543073,1.7650329977617278,1.116097260196658
SO,-0.085028127804807,-0.0278880308123337,2.034252180096652,0.4696662337600802
SO,-0.0853077712674174,-0.0192968961363441,1.6814178682125185,1.000549034446133
SO,0.0243952956192249,0.0778036621531041,2.103865921473048,0.991650493611891
SO,-0.0726357591902744,0.0976624192618328,2.1293328244169336,1.0393199121088614
SO,-0.128912791855168,0.3464737778115867,1.624007650634078,0.4718494441306976
SO,0.2847516985527689,-0.1558304206280105,1.504552783804877,0.548669333255938
SO,0.0760169775841264,0.1173922577521083,1.606689288214015,0.6172675698021691
SO,0.0477819270918744,0.0664350259416248,1.459838370670684,0.5815403935568213
SO,-0.0011692497834,0.2248114186289366,1.6749799904403968,0.7007382387425933
SO,-0.0353679997456755,-0.1698919687434498,1.6960473250939148,0.5749520316379548
SO,0.3938833261600338,-0.0510601079602816,1.6029594558352165,0.8051281878226336
SO,0.1321577338216149,0.0358285211089535,1.5879151672127096,0.3828412647371695
SO,0.0260153035911822,0.1164428636170905,1.9045334767749456,0.8376591414521702
SO,0.0061371998527947,0.1310487243574115,1.7392487991245622,0.7064359077018911
SO,-0.2763096470719847,-0.0712523280100836,1.249842622529847,0.3656980034217068
SO,0.4878906251350481,-0.1850400705397233,1.6167139549840202,0.3186293559423214
SO,0.1657140909919525,0.6104912148700321,1.5696008957344836,0.7706773552895153
SO,0.0126807695773344,0.1586298069316671,2.341249824048031,0.9317636376322294
SO,0.1829314344276567,0.0333917244277003,2.3158997441739726,0.6166646637230863
SO,0.0863968848050931,0.0121759871147569,1.321101654229068,0.4748886202719025
SO,0.1556808608396072,-0.0326800553103187,1.2858050031246175,0.6530516866689106
SO,0.0786144897361436,-0.067333349518254,1.8247976225494813,0.4590462058855422
SO,-0.0511975849991072,0.0063656801254501,1.8992135294749837,0.5014017072883422
SO,-0.0710343218664915,0.1427644951592573,2.082120486133449,0.663377492974426
SO,0.0111436593134046,0.0288547508105292,1.567206210832902,0.673637332095049
SO,0.0430817398685774,0.1908575673981153,1.8108604676342053,0.5123337317051118
SO,-0.0413612867728148,0.0527861460172179,1.626092963888311,0.7746171128727485
SO,-0.1778675729894986,0.0404424100394231,1.9541817255308205,1.0329441513177675
SO,0.0442413460021993,0.1036497269158315,1.9619520040415088,1.0140646241416826
SO,-0.0671851081062161,0.3511123985413693,1.7719762315692626,0.8049823542349711
SO,-0.1587308218603283,0.0748457396126682,2.108342231051987,1.402210822550189
SO,0.0178764968559856,0.2637168981790063,1.877991602536071,0.946994419160582
SO,0.012545663681575,0.0252579072374676,1.746324643457774,0.7617154497742912
SO,-0.2140434532274189,0.0467424608552671,1.7340194137367293,0.825733751321061
SO,-0.2200581156953779,-0.0003023895314206,1.6682044713871929,0.7779260571755968
SO,0.1165681667108475,0.1264686738450502,1.994842803493917,0.9464075734002662
SO,-0.1280059942403912,0.2246794541846403,2.0130431436777143,0.9489336973188548
SO,0.0934673794424231,0.1087203948350288,1.9575678661447964,0.7100391224840528
SO,-0.113548016584894,0.3469191216943741,1.6670213394468147,0.9373123477545404
SO,0.0627623571048419,0.2594499991630647,1.9667440232682185,0.6839495001316984
SO,0.0391297635418771,0.1366629605375802,1.816348379549495,1.0355591893603042
SO,-0.0360935958216699,0.0792971675820436,1.9448627076077645,0.8326614286905598
SO,0.0983979248321323,0.0793232904880716,1.9260046331929752,0.8815760027652507
SO,-0.1379869047058961,0.0935856471611244,2.1550147470090115,1.0962368774477178
SO,-0.0193808801869364,0.1483385990740937,2.11562165458852,1.0771903070386024
SO,0.1286316294132694,0.2185797639993002,2.143571342296444,1.1110354495735162
SO,-0.015496197578841,0.0581997184585844,1.9356020949780053,1.081682468961064
SO,-0.0414940720000175,0.1093153279329663,1.8479653851217872,0.9847387516090426
SO,-0.0468492927943544,0.2323065670194898,1.6789225672220636,0.891091768635448
SO,-0.0444306502211532,0.244588772583754,1.8657268250580847,0.955027710438966
SO,-0.0709867383582872,0.1586892996472213,1.8771524192073328,0.9579758202869468
SO,-0.0292906582845742,0.2155765080278208,1.977258642554248,1.0753219647587098
SO,-0.1085064799820525,0.2175491274638386,2.057641696563836,1.164290143602806
SO,0.0239413644393091,0.2732818051731719,1.8453888323482472,0.9864609624275892
SO,0.0577508371733039,0.2258512718267034,2.010313104082114,1.1584396013746527
SO,-0.0328465057955113,0.2003323818619058,2.051100121287683,1.0956386608500437
SO,-0.063647528538262,0.1355067490356091,2.175665511280888,1.0869682042222173
SO,-0.1090147879343602,0.1765605845036547,1.7737180898463274,0.9260374224452274
SO,-0.0275192402829337,0.1465553752858538,1.9187672247154324,0.748383697551809
SO,-0.0025206966246405,0.1758252691247757,1.964564916024151,0.995495652634689
SO,0.0014646832672534,0.016869138560783,1.886015598728708,0.8595779021517284
SO,0.0618223873422176,0.1004434198606843,1.6536963348901947,0.971306729970298
SO,-0.189890189104239,0.3310319514170273,1.3600437993484082,0.6481759156540596
SO,0.0266104545805351,0.1139871188674278,1.846071066064372,0.6721499327626604
SO,-0.0045493253966531,0.2546204134010575,2.246806549754316,1.1640255801205748
SO,-0.0061177406387298,0.2046926241921475,2.193777100074814,1.1098390827138511
SO,-0.0478911823827445,0.1621389400887454,2.3122928204130537,1.4148923011055363
SO,-0.0378816306859945,0.1858512577557514,2.3057510259657974,1.4799765560872782
SO,0.1067157709721535,0.0970861320563046,2.174886334809893,1.1729745054709226
SO,0.0060092666780403,0.2129472470306377,2.318942697459611,1.3850800129701333
SO,-0.0033839230568761,0.1775705149111771,2.283862748962822,1.5441704461719807
SO,-0.0296121626265972,0.2016754678546735,2.2718458989862174,1.436542805930083
SO,0.0820559961401217,0.2056408832646089,2.405381476376661,1.6641686591630054
SO,-0.0030202802679198,0.1139413551519762,2.2083957148541327,1.3993055000194337
SO,0.0160349806574294,0.1743494297205416,2.3743213602041857,1.5912235335745804
SO,-0.0138213895429855,0.2043199973042326,2.287074996570351,1.5974951799517183
SO,0.0321250888656199,0.2139455189188364,2.5171778392370787,1.6929994386898684
SO,0.0389020090438463,0.23175553265467,2.3718003580501685,1.5573633199890295
SO,-0.0528013759963099,0.1668040970171009,2.239082902813397,1.4758806274574343
SO,0.0105963831712376,0.0968144055962694,1.7608661977739544,1.1662006828483045
SO,0.0668509827745661,0.0356878958787267,2.026086707810675,1.2181316496309258
SO,-0.0811742396203998,0.1905807450435684,1.7913606075453532,1.1237790605290676
SO,0.1044595334791506,0.0362851611284826,1.8028169621642145,1.2961985258555293
SO,0.0023142012627253,0.2673789707341808,2.2286785382035688,1.682099315040576
SOYO,-0.0654658337574964,0.0723874028584643,1.8122642577319368,0.6307264560962274
SOYO,-0.1329380414569309,0.0989972131422896,1.5775740733211887,0.8723326829922815
SOYO,-0.1023996622546499,0.2048282737872662,1.8819028694259348,0.6704821692758034
SOYO,-0.0561603976246216,0.1010628501620048,1.7432516366261777,1.1203938376444
SOYO,-0.0062026256284573,0.1236870798293218,1.694238864753477,0.7176211059659312
SOYO,-0.197165478587255,0.3253618765375216,1.771685609356788,0.9969078968574866
SOYO,-0.1633735728073759,0.1748572291747785,1.5847199031031352,0.7248761517562403
SOYO,0.086388893981419,0.1447653829390231,1.8376711573498627,1.089430477232125
SOYO,0.2174626641263513,0.1751341125613473,1.319746229081928,0.6068277516829519
SOYO,-0.1313740134018871,0.2286471515698228,1.5449297302883038,0.6918102853241676
SOYO,0.0586971835984598,0.3261870336921346,1.8721187698028208,1.3432551271226336
SOYO,-0.0716069039060429,0.1829583791513835,1.924736453596131,0.7280096929392255
SOYO,-0.08690055323543,0.1599619287764847,1.5049989375735684,0.8418894306372942
SOYO,-0.1148677851566294,-0.0040671685423556,1.326511144292746,0.4391220412246225
SOYO,-0.3194537503595982,-0.4089447609314408,1.099511358800129,-0.5964749685229624
SOYO,-0.125492715410515,0.2984015573346958,1.8637391521626252,0.4703035276957072
SOYO,-0.1440865464163679,0.1785186415065919,1.6820855968314654,0.2706017117349529
SOYO,-0.2932601599743044,0.1208237538529868,0.8007277180343734,0.5660854251942545
SOYO,-0.3076703766852101,-0.0164414989104699,1.099456641797074,0.9597047120067002
SOYO,-0.5264764634235604,0.003788816561164,0.7146582355376253,0.2083248697301942
SOYO,0.0694636303205662,0.187882379312604,1.919949176973197,0.9641687154716948
SOYO,-0.0068565366987046,0.2468157482220496,2.2924240835998204,1.0923443667732755
SOYO,0.0288852885932714,0.2032076951404184,2.407010403338397,1.0571841652299176
SOYO,0.0083371877103607,0.2755799503270513,1.9752701757096969,0.8887136997920745
SOYO,0.1068986226055457,0.1253377336319866,2.0488481900351294,0.934818654864514
SOYO,0.0257626893059394,0.1456930843497961,1.938417018084298,0.9160427604680518
SOYO,0.0607010935226342,0.1149814960242605,1.924865896438889,0.8669204142383564
SOYO,-0.0586151234502445,0.0480180069454984,2.0524960334783646,0.8080044189267215
SOYO,0.0085953578934553,0.1730861117682071,1.858331002901436,0.8557022532639095
SOYO,-0.0328607606829054,0.1111581067726327,2.152689962910732,1.0061719427177966
SOYO,-0.0300192217320553,0.0822869238585864,1.9256733131365669,0.8697984928283568
SOYO,-0.086173509443774,0.3196808479537695,2.1755223010354428,0.8491367461562435
SOYO,0.0278783107419878,0.1750285188346159,1.8835467806828907,0.8738855858505172
SOYO,-0.056859031223888,0.1577139197816755,2.007077501916966,1.0283857426960958
SOYO,-0.0367626036958929,0.1637737170134121,2.027747700537842,0.924222146359226
SOYO,0.0805935183322572,0.1602153360332478,1.9647113106766845,0.9731996286563518
SOYO,-0.1067920113154016,0.2647265263955845,2.1957914402443555,1.2001560077032238
SOYO,0.0246684342304599,0.1555862850768648,2.0963449263028897,1.059879116543055
SOYO,-0.1044885301913353,0.2038157564281192,2.222334333264851,1.2757107644431251
SOYO,-0.0200162076916184,0.1575477622948928,1.7099715760439176,0.8513159637452894
SOYO,0.4863982631395008,0.5372075001860557,1.6319276194810053,0.6717206346583936
SOYO,-0.093569831676426,0.2636593068383801,1.684780243917072,0.805831732596048
SOYO,-0.1411131326498211,0.1426895598134275,1.8356765522630576,0.6335414554377736
SOYO,-0.2677823488714953,0.1702367940644493,1.476803811068916,0.8741120645935236
SOYO,0.0361200760338964,0.4874573810166402,1.369894959093556,0.4503305169604877
SOYO,-0.0049136318816607,0.0233784941547218,1.7610081361048446,1.008594819590676
SOYO,-0.3176201731767256,0.2154762288882278,1.90363642993794,0.8615418482004255
SOYO,0.012100241060464,0.0837532329140646,1.4308920648101413,0.8631418489914431
SOYO,-0.2874809613462148,0.3260241394075364,1.8389746369986733,0.9746418310027224
SOYO,-0.2417420894431375,0.3842525864987363,1.4385944802816792,0.1650956493986956
SOYO,-0.1279084095697574,0.1009965111864819,1.6117745130139485,0.7982037866975078
SOYO,-0.01215296259459,0.3969976917507425,1.943839632951796,0.6656693484626764
SOYO,0.1076039025212652,0.0992410811546064,1.3372197320539498,0.7752359102766045
SOYO,0.1067224857586882,0.3433897623972534,1.5017302974867837,0.3790528685441394
SOYO,-0.0680512659097026,0.3253939339553892,1.872015042089808,0.3482595247376464
SOYO,-0.2154753780827836,0.0412824296436044,2.1995233412949333,1.68786522630426
SOYO,0.0278801413252632,0.2627438810716793,1.4335052894711535,1.0311747312462605
SOYO,-0.1640390507119191,0.1458993082284316,1.38216260723809,0.4908920574304581
SOYO,-0.1580606987813002,-0.0814706571019215,1.429181399583887,1.0325691304838638
SOYO,0.0276578239628665,0.1684617405210093,1.6790993569368098,0.7451362535204326
SOYO,-0.2269056258093315,0.2625434187271037,2.059389498071024,1.207375567076019
SOYO,-0.0565858007934431,0.1205165971336396,2.0883435487713493,0.7321153194880152
SOYO,0.0366650792463217,0.2591318920364924,2.230792943079562,1.198743966819436
SOYO,0.0117456278335422,0.1616164252049458,2.153942609566521,1.2311406347624618
SOYO,-0.0843045901175078,0.1270101631759621,2.279482854597193,0.8999393233492796
SOYO,-0.2284614892815558,0.2601372878697097,2.052094092287483,0.9830820802342126
SOYO,0.0666914485389241,0.2463703845834369,2.18128762852572,1.083884832920185
SOYO,-0.078008379887148,0.4062835901574476,2.018765175596944,0.8433317789176775
SOYO,-0.0941200809664415,0.0586917105131636,1.7366423442220102,0.9776734675226092
SOYO,-0.1113120380150079,0.1534578359309396,1.8097457235209375,0.9166916542475736
SOYO,0.0174800001633408,0.1295672453094938,1.7082649958221512,0.9624863500455296
SOYO,0.0492395116902124,0.2923404037938047,1.6628678873796658,0.7527294924839172
SOYO,-0.0559177035271121,0.1468691681537692,1.618081722822076,0.5589150743517497
SOYO,0.0530249819367718,0.2161787048528703,2.23063934654662,0.8581538852273543
SOYO,-0.0175628178122579,0.2075850765509187,1.994004757069492,1.0384242057432134
SOYO,0.032378215425994,0.3077431220065937,2.187066561919784,0.9913823315438328
SOYO,-0.1511197611075132,0.1507223448733743,1.0963423551375269,0.8295723771764917
SOYO,-0.0943738890112237,0.0645725851436499,1.4491453289349976,0.93020646636657
SOYO,-0.0087241294572756,0.3033504043295845,2.356606659407953,1.228039862480077
SOYO,-0.1062179837628742,0.0213923762144089,1.4662023757845275,0.5166556588118555
SOYO,0.0901821854909755,0.1637411750921376,2.0181319561007034,1.1207019060281465
SOYO,-0.0711214862976659,0.2044451982761263,1.984476653640499,1.011100975419157
SOYO,-0.1989775347077542,0.138396120795606,2.5458835657812835,1.3285702091166254
SOYO,0.1489451181854544,0.318451591471204,1.9483058760608525,0.996775313591662
SOYO,-0.1852137039517856,0.1973891801053746,2.0246303467594635,0.8560468388672215
SOYO,0.0947886778339602,0.2448424251431264,1.974956885860376,1.0867383274670597
SOYO,0.0362598927820159,0.1712060760566152,2.117248927350747,0.981386156150954
SOYO,-0.0851022827069616,0.1301910001593398,1.9542651955194923,1.0175134805205033
SOYO,-0.0428104429069629,0.1749825391568016,1.772515977709081,0.8507403870262704
SOYO,-0.1359832727117084,0.198356115417897,1.9378574572040497,1.2493785935344084
SOYO,-0.0191798998547731,0.2896290230563722,2.055389143960146,1.2698423949330029
SOYO,0.0558563939508915,0.0742413460720723,2.178014851072184,1.3223958067267363
SOYO,-0.0455059779075963,0.2234343144064537,1.9015712904776227,1.169752880100432
SOYO,-0.014103372417527,0.249744033166624,2.2554328900214218,1.0864112828443524
SOYO,-0.0676543858685887,0.2160591552345835,1.89841910385556,1.05364598300969
SOYO,-0.0318869299966173,0.1720677487723966,2.223734439551695,1.1017342978104268
SOYO,-0.0776383144807639,0.1518090237934719,2.048657503591054,0.9954647702934788
SOYO,-0.0272068357718223,0.1563805082793303,1.9220913411254816,1.0720081789567013
SOYO,-0.0455914912278538,0.0920357043575592,2.2361222507615706,1.1870049478683933
SOYO,-0.0780681494450291,0.1956804553802824,1.8104218706068944,0.9224661973823508
SOYO,0.0004402093737861,0.2629922166826896,2.192234785956079,1.3112855154898195
SOYO,0.0810840270083505,0.2785629576193162,2.3676604963249925,1.2487969181138616
SOYO,0.0366321829421013,0.2180800962178249,2.0247081163565426,1.0426134689353137
SOYO,-0.2059861671925744,0.4332111642788498,1.1845406702319556,0.4667837789000091
SOYO,-0.1520126079726977,0.1575975571227647,1.9271603966053288,1.0811111628499557
SOYO,0.0360810782404915,0.1829203894850435,1.8502155927692656,0.8629686477220028
SOYO,0.0070106595712875,0.1953240983303282,1.9567459352679195,1.1089753985246222
SOYO,0.0221086613217054,0.183250404946738,1.740967440523947,0.9316280160925792
SOYO,-0.1232593786163041,0.1408888813850969,1.824106293176428,0.7305862403904995
SOYO,-0.1009393992700605,0.1229589522255219,1.74635538614475,1.0331812143103165
SOYO,-0.0314688976442677,0.2131520595443601,1.8962095233607457,0.9601168650162442
SOYO,-0.0969745833537867,0.2501607259524157,2.015438001760747,0.7513827832662581
SOYO,-0.0771076920001824,0.255725118963696,2.1353733060699662,0.8907236666980208
SOYO,0.0469587110809122,0.1484112386468732,1.8105976854923505,0.901337041026771
SOYO,-0.0462565864891319,0.3075424629416468,2.314225937927143,1.1226243186345888
SOYO,0.0190518537751661,0.1687108014460435,2.152437658907924,0.9671669064174216
SOYO,-0.136714013232219,0.1165979690740723,1.8790518676005463,0.7566953599622744
SOYO,0.1466160884269383,0.3150186407969688,2.073429237367723,0.931633392234964
SOYO,-0.0110729994202524,0.1492867222739564,1.9752607031850584,0.80496443368675
SOYO,-0.1483526711831193,0.2228506670776879,2.014145022558656,1.1633930254586513
SOYO,-0.1288405308428089,0.1959575795042777,1.9448702115591645,1.1819530076555391
SOYO,-0.0080341854025694,0.1938426263932988,2.134986512215508,1.1410437098929909
SOYO,-0.1102857944532459,0.1886561472443287,2.062803780317164,1.0897654427179362
SOYO,-0.1605924586927836,0.300682614235465,1.7605554347336965,0.7572003064592503
SOYO,-0.0293790516806117,0.1979579729064282,1.9964551817385283,0.9992124822811808
SOYO,-0.1877397713779318,0.2114743348364708,2.066432224516972,1.224245922616183
SOYO,-0.1037596189942762,0.2490116976508598,2.058404148473693,1.2058612458624005
SOYO,-0.0387306037131547,0.1572177027154989,2.2214964488327222,1.3135056160137328
SOYO,-0.0308710632019875,0.4389937521919358,2.803279320852617,1.1318433466925146
SOYO,0.0124845059883814,0.2301335830564081,2.0157363971994027,1.1078888617943825
SOYO,-0.0518026229413353,0.1708394852829589,2.1158977132776906,1.0784298996119477
SOYO,-0.0658842940878721,0.2114534595962179,2.1093467614102828,1.2983769058189212
SOYO,0.0373801918936412,0.1524846205912479,2.186914398132931,1.1568756830459608
SOYO,0.0898106512815144,0.2527767066682174,1.8834417666204497,0.7920559601013532
SOYO,-0.0325103483395477,0.1418697918328774,1.9763584120891515,1.1211355955994078
SOYO,0.0452522486314184,0.1647476273116344,2.0410571193583578,1.249090243593907
SOYO,-0.1229555628035866,0.2266619086544006,2.2717299023365007,1.3079949959830883
SOYO,0.040345958886682,0.2030903269117941,2.245765705700589,1.21668047153702
SOYO,-0.0319309718001031,0.1632228742654625,2.029331798008636,1.1170630703481286
SOYO,-0.0076591036170549,0.1927544790752695,2.052823825564309,1.1801755393114697
SOYO,-0.0817138379615694,0.2356464924210656,2.216405486458996,0.9796321283542913
SOYO,-0.1304594030391552,0.2076172236902265,1.9189212621389025,1.1233133721401345
SOYO,-0.0433863922008902,0.3303984432969138,2.281911285511517,1.2787801793744469
SOYO,0.0129934468980048,0.2795914921044791,2.1609410806361,0.9968243965599356
SOYO,0.0078471709277665,0.1513950506144077,1.81538245976853,0.8212285294333108
SOYO,-0.0565220499497663,0.1676567129683946,2.195179397832286,1.0053842148818082
SOYO,-0.1511379878561904,0.2518078727552099,2.3180008044461102,1.0238035239711742
SOYO,-0.0021667755364972,0.2496448708815092,1.93159549043964,0.9489172483095396
SOYO,-0.0380075880131092,0.2740752483654046,2.239321004334835,1.1249482961133357
SOYO,0.0127393964738173,0.3077763554888346,2.360991896098452,1.2628357950230151
SOYO,-0.0283443903410968,0.2890705582466599,2.238944891243648,1.0864677605974984
SOYO,-0.0164719590038881,0.2637545169414707,2.054181763522128,1.0570530197244177
SOYO,-0.0473558738769866,0.2733756840786753,2.273378758215623,1.1845699514023675
SOYO,-0.1041007101011273,0.3620336660851178,2.3887770343542782,1.17063096706059
SOYO,-0.0976245014558501,0.1894312346778382,2.3893392619750964,0.997948170713884
SOYO,-0.0299491008490171,0.1327001307656626,1.7340350825691466,0.7118078961368659
SOYO,-0.0982085602463559,0.1008112083641412,1.3530391530650596,0.2799799829745221
SOYO,-0.4041757365881371,0.1517612210936419,0.5291068108604683,0.1830031342922088
SOYO,-0.1675425795370301,0.1717315627756947,1.874325224589451,0.6128309932922082
SOYO,-0.1413839149194302,0.4121374039697926,1.5305863559641883,0.7468064334988844
SOYO,0.0426108805183249,0.1912522289605484,2.2241507022371287,0.8864267673415466
SOYO,0.035349871908025,0.1539037912008196,2.142058587570547,1.1691662253568729
SOYO,0.0648820445478268,0.2092900795527999,2.2398340990110643,1.057786823868062
SOYO,0.0945212711595277,0.2629264125635377,2.341205055147554,1.154208493432883
SOYO,0.0212832944386913,0.1966724155594688,2.154181553466569,1.1050875811077872
SOYO,0.0140844721349262,0.2191842238594158,2.3199254302047767,1.3782626334465873
SOYO,0.0581210897333126,0.1020112872112973,2.1798254009726503,1.4010716119858375
SOYO,0.0799750378484351,0.200485575410091,2.0818091029332537,1.0467812416082856
SOYO,-0.0344153463043246,0.2297170195158304,2.158139813464472,1.2718749490289256
SOYO,0.0422005952306959,0.2256309456064997,2.164406220689381,1.3188524128307262
SOYO,0.0222556560077031,0.1602749437303866,2.209361179495241,1.3743551100735427
SOYO,0.0111516563853231,0.2344593355962592,1.9324005787364824,1.392082719305233
SOYO,0.1298060213106419,0.1186873863595549,2.107830387142439,1.6270890992518994
SOYO,0.0459753180436025,0.2468697915336276,2.08067827719015,1.5221750973626316
SOYO,0.1442990938844277,0.1916573633186341,1.6657230640090497,1.0751929781685223
SOYO,-0.0384368687374111,0.3274204244815168,2.6670661093340446,1.7931077250697838
SOYO,0.1737746378747274,-0.0549297877012084,2.169451939166218,1.4278688077308663
SOYO,0.0355675988742749,0.3084344772234263,2.249148420300972,1.4969665836220098
SOYO,0.0092499387427609,0.2464438024276061,2.502709819722231,1.5909517782277618
SOYO,-0.0585227114124621,0.2422136997803133,2.149557005440637,1.2521458632228466
VO,0.4648367239462843,0.0054625352752375,0.4261168992163022,0.4499739516020211
VO,0.3275355773329365,0.0964922729266644,0.4133145208426594,0.5553789427082966
VO,0.3644661614009722,0.0442341198606043,0.4440839197227192,0.4106946084261344
VO,0.521278284086971,0.0112470181288909,0.4038487950440759,0.7072020644628135
VO,0.4169739057838079,0.0192360639571905,0.3569205043843947,0.6177292399416925
VO,0.5502974749959035,0.0596518329213483,0.3559459305340526,0.492426151182136
VO,0.4987072806623083,0.0264301744171335,0.3644177852023237,0.4749331186686888
VO,0.6345875408919188,0.1017537886394849,0.2948048971829508,0.3717126595654432
VO,0.6584501840211124,0.0653719551256682,0.3111614397375734,0.3964745292937185
VO,0.3577155435897766,0.0541908716402976,0.2901553166668921,0.5550330319338685
VO,0.3556658896790468,0.0726143662852358,0.3693277744282729,0.4887089212271484
VO,0.5124367209734007,0.0603315267102009,0.3999297559769025,0.6054846130956432
VO,0.5959792525401811,0.021469198435159,0.300640285169212,0.4864451465729946
VO,0.4621593827751508,0.1005855093757557,0.3929553928252542,0.3866380841144443
VO,0.59197075345861,0.1140051042082226,0.397391020102349,0.5433981753897695
VO,0.4816360126763351,0.0730897755967333,0.3720996513187686,0.4323003442168039
VO,0.5977616461567538,0.049051477054672,0.3152152868930947,0.5458442624610162
VO,0.5409406888950122,0.0932162395389794,0.3327124036486099,0.498310792108651
VO,0.4815665930571037,0.0215901108465487,0.3432142070400705,0.4174216086799961
VO,0.5601287523884363,0.0578518286652397,0.3347986060908316,0.5172200855510248
VO,0.5079229778951935,0.0284363598053872,0.4821294603402649,0.7045269096304545
VO,0.4449358823248824,0.1094106367092718,0.4393671960250284,0.7453913155744964
VO,0.3698821408663124,0.0168463848766673,0.3514716884093889,0.6017361264793968
VO,0.6322475630735469,0.0483966469868559,0.321395825841331,0.6213186293871126
VO,0.6186087680763367,-0.0123476427672013,0.4071530920941058,0.5795420633696929
VO,0.3729411454547838,0.0459717194214671,0.4574199597760471,0.6570160415524519
VO,0.5373256727392715,-0.0035046332297973,0.3662268939086696,0.5140800145920381
VO,0.5043982123801312,0.027409388808431,0.4379747266508624,0.5365441380594885
VO,0.5139347429848409,0.0206032739595972,0.3816139771556673,0.583123013235592
VO,0.4707259393156481,-0.0507224707446541,0.55402619819543,0.5699481745616696
VO,0.5611172990025234,-0.0019748935985071,0.4315042961758275,0.7135823940162231
VO,0.4642682635769362,-0.0269615440164232,0.4806560695267131,0.4971038192252511
VO,0.397561426477013,0.0102082059291766,0.3924949046816794,0.6638258743916309
VO,0.4709199055592096,0.0297508626222538,0.4055224644679301,0.5699569648585097
VO,0.5405031996521306,0.1406230851089356,0.445276614441667,0.6867613333553932
VO,0.370895820381057,-0.0159171612634543,0.4320834644403682,0.5985684079207712
VO,0.5083473071380701,0.1053213266192274,0.4282031908445577,0.6946367587022262
VO,0.4657844169396937,-0.0047165010398547,0.4844108050187924,0.575860604637321
VO,0.4934064115217573,0.0628012994535151,0.4549427756922649,0.5221461725430239
VO,0.5851500704793491,0.1235334728081403,0.4491692793439854,0.7916824513784827
VO,0.8136283570592918,0.0939986167611078,0.4747639933331416,0.4309715668802236
VO,0.2737755992364609,-0.0043940628358445,0.3968561857354137,0.4442834283346835
VO,0.4651303127157037,0.0323583224970056,0.4099179077322401,0.5004014649386801
VO,0.4967624663842661,0.0203249458637435,0.4658327670597986,0.5461062928836489
VO,0.482640182980024,0.0526669327748615,0.4211067095333218,0.5733831966702511
VO,0.6564882080352956,0.0747098608866943,0.4424203703777429,0.5610728695254006
VO,0.2324483671711203,0.0652928267538788,0.4640906433164066,0.5097952577846118
VO,0.5058678232629215,0.0510542102376995,0.3893296582571831,0.5614163038628249
VO,0.7006129001460734,0.0167916589103072,0.3198098803363682,0.4547974595203712
VO,0.5408244760549658,0.061937729295781,0.4127742180489599,0.6292108705017491
VO,0.3396190947247467,0.0592146012518903,0.4428768389764391,0.5184425885138214
VO,0.5385794303432041,0.0269322022688791,0.4639098198760765,0.6486224549563783
VO,0.4990899422830715,0.0249592736426352,0.4988287239173656,0.6368847681908438
VO,0.4864821393861793,0.0692005708115773,0.3521749274907478,0.4935747685561665
VO,0.3482262647769174,0.061269861447227,0.4683937165706027,0.6012048320986983
VO,0.3851809405753498,0.0003520414605498,0.4870293330341231,0.6410890280350734
VO,0.4561526149788961,0.0282888402449133,0.3917206194800968,0.4241870365804125
VO,0.5704016834871057,0.032562065534596,0.3666834155066353,0.5700573934361713
VO,0.52931647841141,0.0536020532924682,0.4096623179784841,0.5734344310383146
VO,0.4794716367274221,0.0415343300219575,0.4320252597229863,0.5730565677081025
VO,0.4904417172693678,-0.0365119340868736,0.425125680660633,0.4896283250300142
VO,0.399873975977722,0.0666232566976646,0.3300754666486743,0.5873278279379467
VO,0.4548025149645397,0.0456973474585038,0.4762145208085476,0.459464975711909
VO,0.5679337354698735,0.0070325778017735,0.4336653196994037,0.5262367112497476
VO,0.3583791193786225,0.1193618130118235,0.4622263716840726,0.772342246918057
VO,0.3689117856835084,-0.0548979476768556,0.460234988848429,0.5829649881204333
VO,0.5001276974741785,0.0624411715918344,0.4083853011153397,0.5009569651734017
VO,0.4259200096309832,0.0897777215551793,0.4949062885883886,0.6202002031684957
VO,0.3630908155653397,0.0520110584431793,0.4999317421681146,0.6526336331300331
VO,0.5912831109165378,0.064672729992773,0.3487326202918774,0.6419518129881258
VO,0.403287561067507,0.0154849887205579,0.4134281354540497,0.5905633697953595
VO,0.4690814930141432,-0.026859883618991,0.4398230176360109,0.7057740760001278
VO,0.5805124947478968,0.0119598944935809,0.4312052100143322,0.7405386722070755
VO,0.4150537060743209,0.0382133672227642,0.4091431937177701,0.6043492969530959
VO,0.461197449631717,0.0044359102274209,0.3559461413558696,0.5604148930938876
VO,0.5463530687038023,0.0105927921687528,0.4181436835004491,0.6598377996595367
VO,0.5501903069469459,0.0478423456626244,0.4882696727109651,0.7895247826667974
VO,0.404483244637964,0.0413919275770791,0.500083492105259,0.6946070319158086
VO,0.416935701542644,0.0136208568086756,0.4009456168861052,0.7475527038308158
VO,0.4246145253639238,0.0859895953638665,0.4994909597048903,0.6194993679827052
VO,0.5867594190807123,0.0212688351558503,0.3579827842712278,0.5405052642669994
VO,0.4074688616465833,0.0477946640801109,0.3642619484776713,0.4066561486336461
VO,0.5570028396471702,0.0250728323064311,0.3135556147639953,0.4071405040500555
VO,0.5758399803233141,-0.0171114270224208,0.2955724716432845,0.5039822722668125
VO,0.5815103845084664,0.0128046200241733,0.3934881756593661,0.6357154569881618
VO,0.657400764057186,0.0188048797735601,0.3126864648148024,0.3939069924044445
VO,0.4063293419730752,-0.0026731001265826,0.3860579313651908,0.577829863030225
VO,0.6461423985242194,0.0143171583924751,0.2940174175511384,0.5862954763037903
VO,0.3791421713240212,0.0070725139013387,0.3207539492751323,0.5990232320703651
VO,0.5735228569277898,0.0473535608104133,0.4087699989664157,0.4538062651342727
VO,0.4933659774072044,0.058939346056007,0.335412466087239,0.5795856208819112
VO,0.5192094916353482,-0.0196363278730944,0.6515507433536887,0.6359453939234161
VO,0.6464043968764543,0.069530951341401,0.3411849132515833,0.5878514049689167
VO,0.3582453520411186,0.0209786115924091,0.3028098374386226,0.6026608266186511
VO,0.2080358075609264,0.0578072301896299,0.4050411895369716,0.6219067090270393
VO,0.4620774501461886,0.046491608358228,0.3432019623133506,0.5144230681562503
VO,0.4328914512703157,0.0725417141266021,0.4561206772667863,0.7359522664782724
VO,0.420418719575075,0.0244051651149842,0.3658538897724019,0.6726714360357026
VO,0.378875224401765,0.0852646620025931,0.5081444380908237,0.6209275400546935
VO,0.3991332120000475,0.0712453720766936,0.3754104525938887,0.5157116961698799
VO,0.4089553703197754,0.0170575021814264,0.5211702276827753,0.5430303860949728
VO,0.2769597697429166,-0.076617461307932,0.5269434713637557,0.6790205317732203
VO,0.5715740219093071,-0.0079406667513162,0.4690682176579501,0.6933054651711902
VO,0.4029806542587695,0.0819476561559749,0.5635608445210264,0.7765681397691147
VO,0.4227543460461131,0.015404430725637,0.4838686527377022,0.5131349244408294
VO,0.4277130153481187,0.0775362586394178,0.4762352941871501,0.5028745455483097
VO,0.2146553977254805,-0.1373722240332568,0.4824786196270733,0.5808664683153859
VO,0.4647290469803768,0.093424397105712,0.4444470477944903,0.7166017506004452
VO,0.2861831709351968,0.0920247439861661,0.5578618993125346,0.4337024452487226
VO,0.3128563040243147,0.1427597703981769,0.4866239394334954,0.6906821033780649
VO,0.2064359507071524,0.0780498065901112,0.5558313791036036,0.7182999633939371
VO,0.5758294648017226,0.0243685127713771,0.3905176647760177,0.7972893296986528
VO,0.3080082151636082,0.0049428838163076,0.4352533406799289,0.6410254092619508
VO,0.2971056861346179,0.076191041964828,0.4764159415838513,0.5155797256565788
VO,0.442376708989797,0.0340071458376538,0.3794440214922199,0.5799332035903912
VO,0.4119366928149569,0.0259496680586826,0.4307166280863854,0.6184817552828956
VO,0.2999048535989277,0.0832361246234239,0.3718791940370409,0.4733170413837038
VO,0.5291995736906973,0.019792604606895,0.3258763712316841,0.3470970318756207
VO,0.2110597876950694,-0.0454124566366925,0.4739875443617469,0.4437264465288009
VO,0.5593490778634124,0.116518248714504,0.4752718715249142,0.6916737937930143
VO,0.5619916146671602,0.0727467602577273,0.4094109236361897,0.5747609011872733
VO,0.483828860965215,0.0692404712416931,0.4808102157245505,0.6459785758734664
VO,0.3248641493649625,0.0168023750785021,0.3776192368272316,0.6032611273125402
VO,0.2913586963921755,0.1461111968094559,0.4777177302568519,0.2126608337037355
VO,0.1138149919657157,0.3020518434445569,0.4409688367524457,-0.0694264862840389
VO,0.3883153223307963,0.0281186795733619,0.4297974205434298,0.5290196292688992
VO,0.5000291904490072,0.0796964192756953,0.3990024697460317,0.5666668625909077
VO,0.5467380071399017,0.097653850885644,0.457586444766008,0.5854217539255909
VO,0.586426372184098,0.057963115795091,0.3644812796590568,0.5615636007772717
VO,0.5334215406033891,0.0390526666360743,0.3860507780351894,0.6055581375919563
VO,0.4644975532531595,0.0715897006105437,0.4972254715465088,0.7755723656556249
VO,0.4820896974823471,0.0410879111101192,0.4237254185730884,0.6941005664890942
VO,0.5565600791330049,0.0640100717462611,0.3976876264165961,0.5878232513563879
VO,0.4582000491949495,0.0889479832707306,0.4737302793909191,0.5437370573248553
VO,0.4937221578294644,0.0547715308255149,0.4057230043779334,0.5654060273034316
VO,0.410456524240649,0.1005913924365415,0.4474256042892846,0.5188685028486614
VO,0.5277550256526448,0.069091829298728,0.3624018809455822,0.6405603210948824
VO,0.427982363458783,0.0263398559271024,0.530113173715689,0.6928759610153503
VO,0.5243699186216355,0.0690606323840905,0.4352264785026628,0.6486931514710702
VO,0.3685931788719309,0.0353658047103623,0.3786837618378855,0.5504641993783554
VO,0.3004005444871727,0.016422583236206,0.3481424917831233,0.4255803458614987
VO,0.5291865722552159,0.0542417161629003,0.3459019185281409,0.4687994170481764
VO,0.6305435599056077,0.0247613605936752,0.3808933798261236,0.508336494837256
VO,0.536620130449045,-0.0108116388154619,0.2590122411518314,0.5953063998379329
VO,0.4834271593139656,0.1149459404194718,0.3956911621100326,0.4742480627396813
VO,0.5539286075202533,0.1109988065246421,0.4289264861744466,0.6584414743863104
VO,0.4170786783266504,0.0588167604529815,0.2909791307893984,0.4016331534685535
VO,0.3803048721698909,0.0453632222823454,0.3732098494159669,0.5929795859244726
VO,0.3175160122466753,0.044629418516285,0.3022046714846771,0.5720911934218063
VO,0.3993255394164207,0.0135752260839831,0.3908659177191567,0.4750399701462748
VO,0.3828563905791008,0.0309931623653108,0.3648562702133872,0.6175787751759791
VO,0.5772804926530116,0.1115781736786448,0.3560020411612379,0.6281313386112878
VO,0.490692622780529,0.0286045025319298,0.3150751576285529,0.4985167792110015
VO,0.4900572960854944,0.0382492703863775,0.3558265234113702,0.5068471093085388
VO,0.397655372649367,0.007531153259397,0.3898051241961378,0.5665369975908334
VO,0.4679370416010081,0.0478830718425385,0.4092757391313783,0.4415415918555432
VO,0.5498635516281551,0.1186112488410516,0.3565782320134896,0.5048807169310472
VO,0.4239270375610604,0.0515498959501107,0.3866709077163506,0.4395003897472915
VO,0.5096732736328526,0.0860037878818045,0.3583022425395127,0.488037784830535
VO,0.4123508460363685,0.0017172662084485,0.3798952052036848,0.4315536224970339
VO,0.1730330138224783,0.1662739909800227,0.7002421850066072,0.6806266823223516
VO,0.1000754905516524,0.1384390639919571,0.4039428602679231,0.7570755394340707
VO,0.4051904719277284,-0.063008752124931,0.5813844522509621,0.7156008496483757
VO,0.028814422642331,0.0707707380627141,0.5778025096326572,0.4366185260679877
VO,0.2339156203818589,0.1333186605451458,0.6468012832695224,0.7792025612384322
VO,0.3531964312410057,0.1169881805199394,0.604452331717596,0.8195831044883664
VO,0.3947315689971529,-0.0369384138125025,0.5511464914703285,0.5965125441993194
VO,0.5706417480899184,-0.0108674476091551,0.3848469060628812,0.5543864964073687
VO,0.1643842309162286,-0.0109943714028741,0.6711801997897866,0.7027942515516401
VO,0.2181434830148274,0.0156237899762793,0.5200711116776335,0.9386514033933092
VO,0.3281136372184733,-0.0156047543965612,0.5732177936515143,0.7700642433926204
VO,0.4129916672259865,0.0582772271905014,0.5313047662519843,0.8392223486203564
VO,0.2742779616455809,-0.0644811221532058,0.6854382168831495,0.8330078894951214
VO,0.0080062874053791,0.1039700612778781,0.39904875066559,0.655747338573895
VO,0.3725887888598231,-0.0470286212830582,0.3718824236193541,0.5820002447499427
VO,0.3620527823849905,-0.0686423131430926,0.4759796783565288,0.5207868440607971
VO,0.0071766047234409,0.1421781773281457,0.374008021365844,0.7429929572200447
VO,0.1678997349774253,0.1245690472303824,0.7285611792684965,0.8916587743951481
VO,0.2771859573005669,-0.0375124790571767,0.6029045737173993,0.2804781188378324
VO,0.6049790265051052,0.013324755535198,0.3697209925345158,0.4978922136429335
